NA,NA,NA,NA,NA,NA,NA,NA,NA,NA,NA,NA,NA,NA,NA,NA,NA,NA,NA,NA,NA,NA,NA,NA,NA,NA,NA,NA,NA,NA,NA,NA,NA,NA,NA,NA,NA,NA,NA,NA,NA,NA,NA,NA,NA,NA,NA,NA,NA,NA,NA,NA,NA,NA,NA,NA,NA,NA,NA,NA,NA,NA,NA,NA,NA,NA,NA,NA,NA,NA,NA,NA,NA,NA,NA,NA,NA,NA,NA,NA,NA,NA,NA,NA,NA,NA,NA,NA,NA,NA,NA,NA,NA,NA,NA,NA,NA,NA,NA,NA,NA
NA,NA,NA,NA,NA,NA,NA,NA,NA,NA,NA,NA,NA,NA,NA,NA,NA,NA,NA,NA,NA,NA,NA,NA,NA,NA,NA,NA,NA,NA,NA,NA,NA,NA,NA,NA,NA,NA,NA,NA,NA,NA,NA,NA,NA,NA,NA,NA,NA,NA,NA,NA,NA,NA,NA,NA,NA,NA,NA,NA,NA,NA,NA,NA,NA,NA,NA,NA,NA,NA,NA,NA,NA,NA,NA,NA,NA,NA,NA,NA,NA,NA,NA,NA,NA,NA,NA,NA,NA,NA,NA,NA,NA,NA,NA,NA,NA,NA,NA,NA,1309.333333
NA,NA,NA,NA,NA,NA,NA,NA,NA,NA,NA,NA,NA,NA,NA,NA,NA,NA,NA,NA,NA,NA,NA,NA,NA,NA,NA,NA,NA,NA,NA,NA,NA,NA,NA,NA,NA,NA,NA,NA,NA,NA,NA,NA,NA,NA,NA,NA,NA,NA,NA,NA,NA,NA,NA,NA,NA,NA,NA,NA,NA,NA,NA,NA,NA,NA,NA,NA,NA,NA,NA,NA,NA,NA,NA,NA,NA,NA,NA,NA,NA,NA,NA,NA,NA,NA,NA,NA,NA,NA,NA,NA,NA,NA,NA,NA,NA,1335.784993,1326.847363,1316.869809,1306.892256
NA,NA,NA,NA,NA,NA,NA,NA,NA,NA,NA,NA,NA,NA,NA,NA,NA,NA,NA,NA,NA,NA,NA,NA,NA,NA,NA,NA,NA,NA,NA,NA,NA,NA,NA,NA,NA,NA,NA,NA,NA,NA,NA,NA,NA,NA,NA,NA,NA,NA,NA,NA,NA,NA,NA,NA,NA,NA,NA,NA,NA,NA,NA,NA,NA,NA,NA,NA,NA,NA,NA,NA,NA,NA,NA,NA,NA,NA,NA,NA,NA,NA,NA,NA,NA,NA,NA,NA,NA,NA,NA,NA,NA,1366.438672,1362.236652,1355.427609,1344.361392,1334.383838,1324.406285,1314.428732,1304.451178
NA,NA,NA,NA,NA,NA,NA,NA,NA,NA,NA,NA,NA,NA,NA,NA,NA,NA,NA,NA,NA,NA,NA,NA,NA,NA,NA,NA,NA,NA,NA,NA,NA,NA,NA,NA,NA,NA,NA,NA,NA,NA,NA,NA,NA,NA,NA,NA,NA,NA,NA,NA,NA,NA,NA,NA,NA,NA,NA,NA,NA,NA,NA,NA,NA,NA,NA,NA,NA,NA,NA,NA,NA,NA,NA,NA,NA,NA,NA,NA,NA,NA,NA,NA,NA,NA,NA,NA,NA,1397.092352,1392.890332,1388.688312,1384.225589,1372.723906,1361.875421,1351.897868,1341.920314,1331.942761,1321.965208,1311.987654,1302.010101
NA,NA,NA,NA,NA,NA,NA,NA,NA,NA,NA,NA,NA,NA,NA,NA,NA,NA,NA,NA,NA,NA,NA,NA,NA,NA,NA,NA,NA,NA,NA,NA,NA,NA,NA,NA,NA,NA,NA,NA,NA,NA,NA,NA,NA,NA,NA,NA,NA,NA,NA,NA,NA,NA,NA,NA,NA,NA,NA,NA,NA,NA,NA,NA,NA,NA,NA,NA,NA,NA,NA,NA,NA,NA,NA,NA,NA,NA,NA,NA,NA,NA,NA,NA,NA,1427.746032,1423.544012,1419.341991,1415.139971,1410.937951,1401.521886,1390.020202,1379.38945,1369.411897,1359.434343,1349.45679,1339.479237,1329.501684,1319.52413,1309.546577,1299.569024
NA,NA,NA,NA,NA,NA,NA,NA,NA,NA,NA,NA,NA,NA,NA,NA,NA,NA,NA,NA,NA,NA,NA,NA,NA,NA,NA,NA,NA,NA,NA,NA,NA,NA,NA,NA,NA,NA,NA,NA,NA,NA,NA,NA,NA,NA,NA,NA,NA,NA,NA,NA,NA,NA,NA,NA,NA,NA,NA,NA,NA,NA,NA,NA,NA,NA,NA,NA,NA,NA,NA,NA,NA,NA,NA,NA,NA,NA,NA,NA,NA,1458.399711,1454.197691,1449.995671,1445.793651,1441.591631,1437.38961,1430.319865,1418.818182,1407.316498,1396.903479,1386.925926,1376.948373,1366.970819,1356.993266,1347.015713,1337.038159,1327.060606,1317.083053,1307.105499,1297.127946
NA,NA,NA,NA,NA,NA,NA,NA,NA,NA,NA,NA,NA,NA,NA,NA,NA,NA,NA,NA,NA,NA,NA,NA,NA,NA,NA,NA,NA,NA,NA,NA,NA,NA,NA,NA,NA,NA,NA,NA,NA,NA,NA,NA,NA,NA,NA,NA,NA,NA,NA,NA,NA,NA,NA,NA,NA,NA,NA,NA,NA,NA,NA,NA,NA,NA,NA,NA,NA,NA,NA,NA,NA,NA,NA,NA,NA,1489.053391,1484.851371,1480.649351,1476.44733,1472.24531,1468.04329,1463.84127,1459.117845,1447.616162,1436.114478,1424.612795,1414.417508,1404.439955,1394.462402,1384.484848,1374.507295,1364.529742,1354.552189,1344.574635,1334.597082,1324.619529,1314.641975,1304.664422,1294.686869
NA,NA,NA,NA,NA,NA,NA,NA,NA,NA,NA,NA,NA,NA,NA,NA,NA,NA,NA,NA,NA,NA,NA,NA,NA,NA,NA,NA,NA,NA,NA,NA,NA,NA,NA,NA,NA,NA,NA,NA,NA,NA,NA,NA,NA,NA,NA,NA,NA,NA,NA,NA,NA,NA,NA,NA,NA,NA,NA,NA,NA,NA,NA,NA,NA,NA,NA,NA,NA,NA,NA,NA,NA,1519.707071,1515.505051,1511.30303,1507.10101,1502.89899,1498.69697,1494.494949,1490.292929,1486.090909,1476.414141,1464.912458,1453.410774,1441.909091,1431.931538,1421.953984,1411.976431,1401.998878,1392.021324,1382.043771,1372.066218,1362.088664,1352.111111,1342.133558,1332.156004,1322.178451,1312.200898,1302.223345,1292.245791
NA,NA,NA,NA,NA,NA,NA,NA,NA,NA,NA,NA,NA,NA,NA,NA,NA,NA,NA,NA,NA,NA,NA,NA,NA,NA,NA,NA,NA,NA,NA,NA,NA,NA,NA,NA,NA,NA,NA,NA,NA,NA,NA,NA,NA,NA,NA,NA,NA,NA,NA,NA,NA,NA,NA,NA,NA,NA,NA,NA,NA,NA,NA,NA,NA,NA,NA,NA,NA,1550.36075,1546.15873,1541.95671,1537.75469,1533.55267,1529.350649,1525.148629,1520.946609,1516.744589,1512.542569,1505.212121,1493.710438,1482.208754,1470.707071,1459.42312,1449.445567,1439.468013,1429.49046,1419.512907,1409.535354,1399.5578,1389.580247,1379.602694,1369.62514,1359.647587,1349.670034,1339.69248,1329.714927,1319.737374,1309.75982,1299.782267,1289.804714
NA,NA,NA,NA,NA,NA,NA,NA,NA,NA,NA,NA,NA,NA,NA,NA,NA,NA,NA,NA,NA,NA,NA,NA,NA,NA,NA,NA,NA,NA,NA,NA,NA,NA,NA,NA,NA,NA,NA,NA,NA,NA,NA,NA,NA,NA,NA,NA,NA,NA,NA,NA,NA,NA,NA,NA,NA,NA,NA,NA,NA,NA,NA,NA,NA,1581.01443,1576.81241,1572.61039,1568.408369,1564.206349,1560.004329,1555.802309,1551.600289,1547.398268,1543.196248,1538.994228,1534.010101,1522.508418,1511.006734,1499.505051,1488.003367,1476.937149,1466.959596,1456.982043,1447.004489,1437.026936,1427.049383,1417.071829,1407.094276,1397.116723,1387.139169,1377.161616,1367.184063,1357.20651,1347.228956,1337.251403,1327.27385,1317.296296,1307.318743,1297.34119,1287.363636
NA,NA,NA,NA,NA,NA,NA,NA,NA,NA,NA,NA,NA,NA,NA,NA,NA,NA,NA,NA,NA,NA,NA,NA,NA,NA,NA,NA,NA,NA,NA,NA,NA,NA,NA,NA,NA,NA,NA,NA,NA,NA,NA,NA,NA,NA,NA,NA,NA,NA,NA,NA,NA,NA,NA,NA,NA,NA,NA,NA,NA,1611.66811,1607.466089,1603.264069,1599.062049,1594.860029,1590.658009,1586.455988,1582.253968,1578.051948,1573.849928,1569.647908,1565.445887,1561.243867,1551.306397,1539.804714,1528.30303,1516.801347,1505.299663,1494.451178,1484.473625,1474.496072,1464.518519,1454.540965,1444.563412,1434.585859,1424.608305,1414.630752,1404.653199,1394.675645,1384.698092,1374.720539,1364.742985,1354.765432,1344.787879,1334.810325,1324.832772,1314.855219,1304.877666,1294.900112,1284.922559
NA,NA,NA,NA,NA,NA,NA,NA,NA,NA,NA,NA,NA,NA,NA,NA,NA,NA,NA,NA,NA,NA,NA,NA,NA,NA,NA,NA,NA,NA,NA,NA,NA,NA,NA,NA,NA,NA,NA,NA,NA,NA,NA,NA,NA,NA,NA,NA,NA,NA,NA,NA,NA,NA,NA,NA,NA,1642.321789,1638.119769,1633.917749,1629.715729,1625.513709,1621.311688,1617.109668,1612.907648,1608.705628,1604.503608,1600.301587,1596.099567,1591.897547,1587.695527,1580.104377,1568.602694,1557.10101,1545.599327,1534.097643,1522.59596,1511.965208,1501.987654,1492.010101,1482.032548,1472.054994,1462.077441,1452.099888,1442.122334,1432.144781,1422.167228,1412.189675,1402.212121,1392.234568,1382.257015,1372.279461,1362.301908,1352.324355,1342.346801,1332.369248,1322.391695,1312.414141,1302.436588,1292.459035,1282.481481
NA,NA,NA,NA,NA,NA,NA,NA,NA,NA,NA,NA,NA,NA,NA,NA,NA,NA,NA,NA,NA,NA,NA,NA,NA,NA,NA,NA,NA,NA,NA,NA,NA,NA,NA,NA,NA,NA,NA,NA,NA,NA,NA,NA,NA,NA,NA,NA,NA,NA,NA,NA,NA,1672.975469,1668.773449,1664.571429,1660.369408,1656.167388,1651.965368,1647.763348,1643.561328,1639.359307,1635.157287,1630.955267,1626.753247,1622.551227,1618.349206,1614.147186,1608.902357,1597.400673,1585.89899,1574.397306,1562.895623,1551.393939,1539.892256,1529.479237,1519.501684,1509.52413,1499.546577,1489.569024,1479.59147,1469.613917,1459.636364,1449.65881,1439.681257,1429.703704,1419.72615,1409.748597,1399.771044,1389.79349,1379.815937,1369.838384,1359.860831,1349.883277,1339.905724,1329.928171,1319.950617,1309.973064,1299.995511,1290.017957,1280.040404
NA,NA,NA,NA,NA,NA,NA,NA,NA,NA,NA,NA,NA,NA,NA,NA,NA,NA,NA,NA,NA,NA,NA,NA,NA,NA,NA,NA,NA,NA,NA,NA,NA,NA,NA,NA,NA,NA,NA,NA,NA,NA,NA,NA,NA,NA,NA,NA,NA,1703.629149,1699.427128,1695.225108,1691.023088,1686.821068,1682.619048,1678.417027,1674.215007,1670.012987,1665.810967,1661.608947,1657.406926,1653.204906,1649.002886,1644.800866,1640.598846,1636.396825,1626.198653,1614.69697,1603.195286,1591.693603,1580.191919,1568.690236,1557.188552,1546.993266,1537.015713,1527.038159,1517.060606,1507.083053,1497.105499,1487.127946,1477.150393,1467.17284,1457.195286,1447.217733,1437.24018,1427.262626,1417.285073,1407.30752,1397.329966,1387.352413,1377.37486,1367.397306,1357.419753,1347.4422,1337.464646,1327.487093,1317.50954,1307.531987,1297.554433,1287.57688,1277.599327
NA,NA,NA,NA,NA,NA,NA,NA,NA,NA,NA,NA,NA,NA,NA,NA,NA,NA,NA,NA,NA,NA,NA,NA,NA,NA,NA,NA,NA,NA,NA,NA,NA,NA,NA,NA,NA,NA,NA,NA,NA,NA,NA,NA,NA,NA,1730.080808,1725.878788,1721.676768,1717.474747,1713.272727,1709.070707,1704.868687,1700.666667,1696.464646,1692.262626,1688.060606,1683.858586,1679.656566,1675.454545,1671.252525,1667.050505,1662.848485,1654.996633,1643.494949,1631.993266,1620.491582,1608.989899,1597.488215,1585.986532,1574.484848,1564.507295,1554.529742,1544.552189,1534.574635,1524.597082,1514.619529,1504.641975,1494.664422,1484.686869,1474.709315,1464.731762,1454.754209,1444.776655,1434.799102,1424.821549,1414.843996,1404.866442,1394.888889,1384.911336,1374.933782,1364.956229,1354.978676,1345.001122,1335.023569,1325.046016,1315.068462,1305.090909,1295.113356,1285.135802,1275.158249
NA,NA,NA,NA,NA,NA,NA,NA,NA,NA,NA,NA,NA,NA,NA,NA,NA,NA,NA,NA,NA,NA,NA,NA,NA,NA,NA,NA,NA,NA,NA,NA,NA,NA,NA,NA,NA,NA,NA,NA,NA,NA,1760.734488,1756.532468,1752.330447,1748.128427,1743.926407,1739.724387,1735.522367,1731.320346,1727.118326,1722.916306,1718.714286,1714.512266,1710.310245,1706.108225,1701.906205,1697.704185,1693.502165,1689.300144,1683.794613,1672.292929,1660.791246,1649.289562,1637.787879,1626.286195,1614.784512,1603.282828,1591.998878,1582.021324,1572.043771,1562.066218,1552.088664,1542.111111,1532.133558,1522.156004,1512.178451,1502.200898,1492.223345,1482.245791,1472.268238,1462.290685,1452.313131,1442.335578,1432.358025,1422.380471,1412.402918,1402.425365,1392.447811,1382.470258,1372.492705,1362.515152,1352.537598,1342.560045,1332.582492,1322.604938,1312.627385,1302.649832,1292.672278,1282.694725,1272.717172
NA,NA,NA,NA,NA,NA,NA,NA,NA,NA,NA,NA,NA,NA,NA,NA,NA,NA,NA,NA,NA,NA,NA,NA,NA,NA,NA,NA,NA,NA,NA,NA,NA,NA,NA,NA,NA,NA,1791.388167,1787.186147,1782.984127,1778.782107,1774.580087,1770.378066,1766.176046,1761.974026,1757.772006,1753.569986,1749.367965,1745.165945,1740.963925,1736.761905,1732.559885,1728.357864,1724.155844,1719.953824,1715.751804,1711.549784,1701.090909,1689.589226,1678.087542,1666.585859,1655.084175,1643.582492,1632.080808,1620.579125,1609.512907,1599.535354,1589.5578,1579.580247,1569.602694,1559.62514,1549.647587,1539.670034,1529.69248,1519.714927,1509.737374,1499.75982,1489.782267,1479.804714,1469.82716,1459.849607,1449.872054,1439.894501,1429.916947,1419.939394,1409.961841,1399.984287,1390.006734,1380.029181,1370.051627,1360.074074,1350.096521,1340.118967,1330.141414,1320.163861,1310.186308,1300.208754,1290.231201,1280.253648,1270.276094
NA,NA,NA,NA,NA,NA,NA,NA,NA,NA,NA,NA,NA,NA,NA,NA,NA,NA,NA,NA,NA,NA,NA,NA,NA,NA,NA,NA,NA,NA,NA,NA,NA,NA,1822.041847,1817.839827,1813.637807,1809.435786,1805.233766,1801.031746,1796.829726,1792.627706,1788.425685,1784.223665,1780.021645,1775.819625,1771.617605,1767.415584,1763.213564,1759.011544,1754.809524,1750.607504,1746.405483,1742.203463,1738.001443,1729.888889,1718.387205,1706.885522,1695.383838,1683.882155,1672.380471,1660.878788,1649.377104,1637.875421,1627.026936,1617.049383,1607.071829,1597.094276,1587.116723,1577.139169,1567.161616,1557.184063,1547.20651,1537.228956,1527.251403,1517.27385,1507.296296,1497.318743,1487.34119,1477.363636,1467.386083,1457.40853,1447.430976,1437.453423,1427.47587,1417.498316,1407.520763,1397.54321,1387.565657,1377.588103,1367.61055,1357.632997,1347.655443,1337.67789,1327.700337,1317.722783,1307.74523,1297.767677,1287.790123,1277.81257,1267.835017
NA,NA,NA,NA,NA,NA,NA,NA,NA,NA,NA,NA,NA,NA,NA,NA,NA,NA,NA,NA,NA,NA,NA,NA,NA,NA,NA,NA,NA,NA,1852.695527,1848.493506,1844.291486,1840.089466,1835.887446,1831.685426,1827.483405,1823.281385,1819.079365,1814.877345,1810.675325,1806.473304,1802.271284,1798.069264,1793.867244,1789.665224,1785.463203,1781.261183,1777.059163,1772.857143,1768.655123,1764.453102,1758.686869,1747.185185,1735.683502,1724.181818,1712.680135,1701.178451,1689.676768,1678.175084,1666.673401,1655.171717,1644.540965,1634.563412,1624.585859,1614.608305,1604.630752,1594.653199,1584.675645,1574.698092,1564.720539,1554.742985,1544.765432,1534.787879,1524.810325,1514.832772,1504.855219,1494.877666,1484.900112,1474.922559,1464.945006,1454.967452,1444.989899,1435.012346,1425.034792,1415.057239,1405.079686,1395.102132,1385.124579,1375.147026,1365.169473,1355.191919,1345.214366,1335.236813,1325.259259,1315.281706,1305.304153,1295.326599,1285.349046,1275.371493,1265.393939
NA,NA,NA,NA,NA,NA,NA,NA,NA,NA,NA,NA,NA,NA,NA,NA,NA,NA,NA,NA,NA,NA,NA,NA,NA,NA,1883.349206,1879.147186,1874.945166,1870.743146,1866.541126,1862.339105,1858.137085,1853.935065,1849.733045,1845.531025,1841.329004,1837.126984,1832.924964,1828.722944,1824.520924,1820.318903,1816.116883,1811.914863,1807.712843,1803.510823,1799.308802,1795.106782,1790.904762,1786.702742,1775.983165,1764.481481,1752.979798,1741.478114,1729.976431,1718.474747,1706.973064,1695.47138,1683.969697,1672.468013,1662.054994,1652.077441,1642.099888,1632.122334,1622.144781,1612.167228,1602.189675,1592.212121,1582.234568,1572.257015,1562.279461,1552.301908,1542.324355,1532.346801,1522.369248,1512.391695,1502.414141,1492.436588,1482.459035,1472.481481,1462.503928,1452.526375,1442.548822,1432.571268,1422.593715,1412.616162,1402.638608,1392.661055,1382.683502,1372.705948,1362.728395,1352.750842,1342.773288,1332.795735,1322.818182,1312.840629,1302.863075,1292.885522,1282.907969,1272.930415,1262.952862
NA,NA,NA,NA,NA,NA,NA,NA,NA,NA,NA,NA,NA,NA,NA,NA,NA,NA,NA,NA,NA,NA,1909.760943,1906.482924,1902.280904,1898.078884,1893.876864,1889.674844,1885.472823,1881.270803,1877.068783,1872.866763,1868.664743,1864.462722,1860.260702,1856.058682,1851.856662,1847.654642,1843.452621,1839.250601,1835.048581,1830.846561,1826.644541,1822.44252,1818.2405,1814.03848,1809.83646,1805.460157,1794.131313,1782.62963,1771.127946,1759.626263,1748.124579,1736.622896,1725.121212,1713.619529,1702.117845,1690.616162,1679.430976,1669.453423,1659.47587,1649.498316,1639.520763,1629.54321,1619.565657,1609.588103,1599.61055,1589.632997,1579.655443,1569.67789,1559.700337,1549.722783,1539.74523,1529.767677,1519.790123,1509.81257,1499.835017,1489.857464,1479.87991,1469.902357,1459.924804,1449.94725,1439.969697,1429.992144,1420.01459,1410.037037,1400.059484,1390.08193,1380.104377,1370.126824,1360.14927,1350.171717,1340.194164,1330.216611,1320.239057,1310.261504,1300.283951,1290.306397,1280.328844,1270.351291,1260.373737
NA,NA,NA,NA,NA,NA,NA,NA,NA,NA,NA,NA,NA,NA,NA,NA,NA,NA,NA,NA,NA,1907.107183,1910.021886,1905.455988,1899.536797,1895.334776,1891.132756,1886.930736,1882.728716,1878.526696,1874.324675,1870.122655,1865.920635,1861.718615,1857.516595,1853.314574,1849.112554,1844.910534,1840.708514,1836.506494,1832.304473,1828.102453,1823.900433,1819.698413,1815.496392,1811.294372,1807.092352,1802.716049,1792.683502,1781.181818,1769.680135,1758.178451,1746.676768,1735.175084,1723.673401,1712.171717,1700.670034,1689.16835,1677.983165,1667.219978,1656.45679,1646.367003,1636.38945,1626.411897,1616.434343,1606.45679,1596.479237,1586.501684,1576.52413,1566.546577,1556.569024,1546.59147,1536.613917,1526.636364,1516.65881,1506.681257,1496.703704,1486.72615,1476.748597,1466.771044,1456.79349,1446.815937,1436.838384,1426.860831,1416.883277,1406.905724,1396.928171,1386.950617,1376.973064,1366.995511,1357.017957,1347.040404,1337.062851,1327.085297,1317.107744,1307.130191,1297.152637,1287.175084,1277.197531,1267.219978,1257.242424
NA,NA,NA,NA,NA,NA,NA,NA,NA,NA,NA,NA,NA,NA,NA,NA,NA,NA,NA,NA,1904.453423,1907.368126,1910.282828,1905.716931,1899.110871,1892.590669,1888.388648,1884.186628,1879.984608,1875.782588,1871.580568,1867.378547,1863.176527,1858.974507,1854.772487,1850.570467,1846.368446,1842.166426,1837.964406,1833.762386,1829.560366,1825.358345,1821.156325,1816.954305,1812.752285,1808.550265,1804.348244,1799.971942,1790.890011,1779.734007,1768.232323,1756.73064,1745.228956,1733.727273,1722.225589,1710.723906,1699.222222,1687.720539,1676.535354,1665.772166,1655.008979,1644.245791,1633.482604,1623.280584,1613.30303,1603.325477,1593.347924,1583.37037,1573.392817,1563.415264,1553.43771,1543.460157,1533.482604,1523.505051,1513.527497,1503.549944,1493.572391,1483.594837,1473.617284,1463.639731,1453.662177,1443.684624,1433.707071,1423.729517,1413.751964,1403.774411,1393.796857,1383.819304,1373.841751,1363.864198,1353.886644,1343.909091,1333.931538,1323.953984,1313.976431,1303.998878,1294.021324,1284.043771,1274.066218,1264.088664,1254.111111
NA,NA,NA,NA,NA,NA,NA,NA,NA,NA,NA,NA,NA,NA,NA,NA,NA,NA,NA,1901.799663,1904.714366,1907.629068,1910.543771,1905.977874,1899.371813,1892.765753,1886.159692,1881.44252,1877.2405,1873.03848,1868.83646,1864.63444,1860.432419,1856.230399,1852.028379,1847.826359,1843.624339,1839.422318,1835.220298,1831.018278,1826.816258,1822.614238,1818.412217,1814.210197,1810.008177,1805.806157,1801.604137,1797.227834,1788.145903,1778.286195,1766.784512,1755.282828,1743.781145,1732.279461,1720.777778,1709.276094,1697.774411,1686.272727,1675.087542,1664.324355,1653.561167,1642.79798,1632.034792,1621.271605,1610.508418,1600.194164,1590.216611,1580.239057,1570.261504,1560.283951,1550.306397,1540.328844,1530.351291,1520.373737,1510.396184,1500.418631,1490.441077,1480.463524,1470.485971,1460.508418,1450.530864,1440.553311,1430.575758,1420.598204,1410.620651,1400.643098,1390.665544,1380.687991,1370.710438,1360.732884,1350.755331,1340.777778,1330.800224,1320.822671,1310.845118,1300.867565,1290.890011,1280.912458,1270.934905,1260.957351,1250.979798
NA,NA,NA,NA,NA,NA,NA,NA,NA,NA,NA,NA,NA,NA,NA,NA,NA,NA,1899.145903,1902.060606,1904.975309,1907.890011,1910.804714,1906.238817,1899.632756,1893.026696,1886.420635,1879.814574,1874.496392,1870.294372,1866.092352,1861.890332,1857.688312,1853.486291,1849.284271,1845.082251,1840.880231,1836.678211,1832.47619,1828.27417,1824.07215,1819.87013,1815.66811,1811.466089,1807.264069,1803.062049,1798.860029,1794.483726,1785.401796,1776.319865,1765.3367,1753.835017,1742.333333,1730.83165,1719.329966,1707.828283,1696.326599,1684.824916,1673.639731,1662.876543,1652.113356,1641.350168,1630.586981,1619.823793,1609.060606,1598.297419,1587.534231,1577.107744,1567.130191,1557.152637,1547.175084,1537.197531,1527.219978,1517.242424,1507.264871,1497.287318,1487.309764,1477.332211,1467.354658,1457.377104,1447.399551,1437.421998,1427.444444,1417.466891,1407.489338,1397.511785,1387.534231,1377.556678,1367.579125,1357.601571,1347.624018,1337.646465,1327.668911,1317.691358,1307.713805,1297.736251,1287.758698,1277.781145,1267.803591,1257.826038,1247.848485
NA,NA,NA,NA,NA,NA,NA,NA,NA,NA,NA,NA,NA,NA,NA,NA,NA,1896.492144,1899.406846,1902.321549,1905.236251,1908.150954,1911.065657,1906.499759,1899.893699,1893.287638,1886.681578,1880.075517,1873.469456,1867.550265,1863.348244,1859.146224,1854.944204,1850.742184,1846.540164,1842.338143,1838.136123,1833.934103,1829.732083,1825.530063,1821.328042,1817.126022,1812.924002,1808.721982,1804.519962,1800.317941,1796.115921,1791.739618,1782.657688,1773.575758,1763.888889,1752.387205,1740.885522,1729.383838,1717.882155,1706.380471,1694.878788,1683.377104,1672.191919,1661.428732,1650.665544,1639.902357,1629.139169,1618.375982,1607.612795,1596.849607,1586.08642,1575.323232,1564.560045,1554.021324,1544.043771,1534.066218,1524.088664,1514.111111,1504.133558,1494.156004,1484.178451,1474.200898,1464.223345,1454.245791,1444.268238,1434.290685,1424.313131,1414.335578,1404.358025,1394.380471,1384.402918,1374.425365,1364.447811,1354.470258,1344.492705,1334.515152,1324.537598,1314.560045,1304.582492,1294.604938,1284.627385,1274.649832,1264.672278,1254.694725,1244.717172
NA,NA,NA,NA,NA,NA,NA,NA,NA,NA,NA,NA,NA,NA,NA,NA,1893.838384,1896.753086,1899.667789,1902.582492,1905.497194,1908.411897,1911.326599,1906.760702,1900.154642,1893.548581,1886.94252,1880.33646,1873.730399,1867.124339,1860.604137,1856.402116,1852.200096,1847.998076,1843.796056,1839.594036,1835.392015,1831.189995,1826.987975,1822.785955,1818.583935,1814.381914,1810.179894,1805.977874,1801.775854,1797.573834,1793.371813,1788.995511,1779.91358,1770.83165,1761.749719,1750.939394,1739.43771,1727.936027,1716.434343,1704.93266,1693.430976,1681.929293,1670.744108,1659.98092,1649.217733,1638.454545,1627.691358,1616.928171,1606.164983,1595.401796,1584.638608,1573.875421,1563.112233,1552.349046,1541.585859,1530.934905,1520.957351,1510.979798,1501.002245,1491.024691,1481.047138,1471.069585,1461.092031,1451.114478,1441.136925,1431.159371,1421.181818,1411.204265,1401.226712,1391.249158,1381.271605,1371.294052,1361.316498,1351.338945,1341.361392,1331.383838,1321.406285,1311.428732,1301.451178,1291.473625,1281.496072,1271.518519,1261.540965,1251.563412,1241.585859
NA,NA,NA,NA,NA,NA,NA,NA,NA,NA,NA,NA,NA,NA,NA,1891.184624,1894.099327,1897.014029,1899.928732,1902.843434,1905.758137,1908.67284,1911.587542,1907.021645,1900.415584,1893.809524,1887.203463,1880.597403,1873.991342,1867.385281,1860.779221,1854.17316,1849.455988,1845.253968,1841.051948,1836.849928,1832.647908,1828.445887,1824.243867,1820.041847,1815.839827,1811.637807,1807.435786,1803.233766,1799.031746,1794.829726,1790.627706,1786.251403,1777.169473,1768.087542,1759.005612,1749.491582,1737.989899,1726.488215,1714.986532,1703.484848,1691.983165,1680.481481,1669.296296,1658.533109,1647.769921,1637.006734,1626.243547,1615.480359,1604.717172,1593.953984,1583.190797,1572.427609,1561.664422,1550.901235,1540.138047,1529.37486,1518.611672,1507.848485,1497.870932,1487.893378,1477.915825,1467.938272,1457.960718,1447.983165,1438.005612,1428.028058,1418.050505,1408.072952,1398.095398,1388.117845,1378.140292,1368.162738,1358.185185,1348.207632,1338.230079,1328.252525,1318.274972,1308.297419,1298.319865,1288.342312,1278.364759,1268.387205,1258.409652,1248.432099,1238.454545
NA,NA,NA,NA,NA,NA,NA,NA,NA,NA,NA,NA,NA,NA,1888.530864,1891.445567,1894.360269,1897.274972,1900.189675,1903.104377,1906.01908,1908.933782,1911.848485,1907.282588,1900.676527,1894.070467,1887.464406,1880.858345,1874.252285,1867.646224,1861.040164,1854.434103,1847.828042,1842.509861,1838.30784,1834.10582,1829.9038,1825.70178,1821.499759,1817.297739,1813.095719,1808.893699,1804.691679,1800.489658,1796.287638,1792.085618,1787.883598,1783.507295,1774.425365,1765.343434,1756.261504,1747.179574,1736.542088,1725.040404,1713.538721,1702.037037,1690.535354,1679.03367,1667.848485,1657.085297,1646.32211,1635.558923,1624.795735,1614.032548,1603.26936,1592.506173,1581.742985,1570.979798,1560.216611,1549.453423,1538.690236,1527.927048,1517.163861,1506.400673,1495.637486,1484.874299,1474.784512,1464.806958,1454.829405,1444.851852,1434.874299,1424.896745,1414.919192,1404.941639,1394.964085,1384.986532,1375.008979,1365.031425,1355.053872,1345.076319,1335.098765,1325.121212,1315.143659,1305.166105,1295.188552,1285.210999,1275.233446,1265.255892,1255.278339,1245.300786,1235.323232
NA,NA,NA,NA,NA,NA,NA,NA,NA,NA,NA,NA,NA,1885.877104,1888.791807,1891.70651,1894.621212,1897.535915,1900.450617,1903.36532,1906.280022,1909.194725,1912.109428,1907.543531,1900.93747,1894.331409,1887.725349,1881.119288,1874.513228,1867.907167,1861.301106,1854.695046,1848.088985,1841.482924,1835.563733,1831.361712,1827.159692,1822.957672,1818.755652,1814.553632,1810.351611,1806.149591,1801.947571,1797.745551,1793.543531,1789.34151,1785.13949,1780.763187,1771.681257,1762.599327,1753.517396,1744.435466,1735.094276,1723.592593,1712.090909,1700.589226,1689.087542,1677.585859,1666.400673,1655.637486,1644.874299,1634.111111,1623.347924,1612.584736,1601.821549,1591.058361,1580.295174,1569.531987,1558.768799,1548.005612,1537.242424,1526.479237,1515.716049,1504.952862,1494.189675,1483.426487,1472.6633,1461.900112,1451.698092,1441.720539,1431.742985,1421.765432,1411.787879,1401.810325,1391.832772,1381.855219,1371.877666,1361.900112,1351.922559,1341.945006,1331.967452,1321.989899,1312.012346,1302.034792,1292.057239,1282.079686,1272.102132,1262.124579,1252.147026,1242.169473,1232.191919
NA,NA,NA,NA,NA,NA,NA,NA,NA,NA,NA,NA,1883.223345,1886.138047,1889.05275,1891.967452,1894.882155,1897.796857,1900.71156,1903.626263,1906.540965,1909.455668,1912.37037,1907.804473,1901.198413,1894.592352,1887.986291,1881.380231,1874.77417,1868.16811,1861.562049,1854.955988,1848.349928,1841.743867,1835.137807,1828.617605,1824.415584,1820.213564,1816.011544,1811.809524,1807.607504,1803.405483,1799.203463,1795.001443,1790.799423,1786.597403,1782.395382,1778.01908,1768.937149,1759.855219,1750.773288,1741.691358,1732.609428,1722.144781,1710.643098,1699.141414,1687.639731,1676.138047,1664.952862,1654.189675,1643.426487,1632.6633,1621.900112,1611.136925,1600.373737,1589.61055,1578.847363,1568.084175,1557.320988,1546.5578,1535.794613,1525.031425,1514.268238,1503.505051,1492.741863,1481.978676,1471.215488,1460.452301,1449.689113,1438.925926,1428.611672,1418.634119,1408.656566,1398.679012,1388.701459,1378.723906,1368.746352,1358.768799,1348.791246,1338.813692,1328.836139,1318.858586,1308.881033,1298.903479,1288.925926,1278.948373,1268.970819,1258.993266,1249.015713,1239.038159,1229.060606
NA,NA,NA,NA,NA,NA,NA,NA,NA,NA,NA,1880.569585,1883.484287,1886.39899,1889.313692,1892.228395,1895.143098,1898.0578,1900.972503,1903.887205,1906.801908,1909.716611,1912.631313,1908.065416,1901.459355,1894.853295,1888.247234,1881.641174,1875.035113,1868.429052,1861.822992,1855.216931,1848.610871,1842.00481,1835.398749,1828.792689,1822.186628,1817.469456,1813.267436,1809.065416,1804.863396,1800.661376,1796.459355,1792.257335,1788.055315,1783.853295,1779.651275,1775.274972,1766.193042,1757.111111,1748.029181,1738.94725,1729.86532,1720.69697,1709.195286,1697.693603,1686.191919,1674.690236,1663.505051,1652.741863,1641.978676,1631.215488,1620.452301,1609.689113,1598.925926,1588.162738,1577.399551,1566.636364,1555.873176,1545.109989,1534.346801,1523.583614,1512.820426,1502.057239,1491.294052,1480.530864,1469.767677,1459.004489,1448.241302,1437.478114,1426.714927,1415.95174,1405.525253,1395.547699,1385.570146,1375.592593,1365.615039,1355.637486,1345.659933,1335.682379,1325.704826,1315.727273,1305.749719,1295.772166,1285.794613,1275.817059,1265.839506,1255.861953,1245.8844,1235.906846,1225.929293
NA,NA,NA,NA,NA,NA,NA,NA,NA,NA,1877.915825,1880.830527,1883.74523,1886.659933,1889.574635,1892.489338,1895.40404,1898.318743,1901.233446,1904.148148,1907.062851,1909.977553,1912.892256,1908.326359,1901.720298,1895.114238,1888.508177,1881.902116,1875.296056,1868.689995,1862.083935,1855.477874,1848.871813,1842.265753,1835.659692,1829.053632,1822.447571,1815.84151,1810.523329,1806.321308,1802.119288,1797.917268,1793.715248,1789.513228,1785.311207,1781.109187,1776.907167,1772.530864,1763.448934,1754.367003,1745.285073,1736.203143,1727.121212,1718.039282,1707.747475,1696.245791,1684.744108,1673.242424,1662.057239,1651.294052,1640.530864,1629.767677,1619.004489,1608.241302,1597.478114,1586.714927,1575.95174,1565.188552,1554.425365,1543.662177,1532.89899,1522.135802,1511.372615,1500.609428,1489.84624,1479.083053,1468.319865,1457.556678,1446.79349,1436.030303,1425.267116,1414.503928,1403.740741,1392.977553,1382.438833,1372.461279,1362.483726,1352.506173,1342.52862,1332.551066,1322.573513,1312.59596,1302.618406,1292.640853,1282.6633,1272.685746,1262.708193,1252.73064,1242.753086,1232.775533,1222.79798
NA,NA,NA,NA,NA,NA,NA,NA,NA,1875.262065,1878.176768,1881.09147,1884.006173,1886.920875,1889.835578,1892.750281,1895.664983,1898.579686,1901.494388,1904.409091,1907.323793,1910.238496,1913.153199,1908.587302,1901.981241,1895.37518,1888.76912,1882.163059,1875.556999,1868.950938,1862.344877,1855.738817,1849.132756,1842.526696,1835.920635,1829.314574,1822.708514,1816.102453,1809.496392,1803.577201,1799.37518,1795.17316,1790.97114,1786.76912,1782.5671,1778.365079,1774.163059,1769.786756,1760.704826,1751.622896,1742.540965,1733.459035,1724.377104,1715.295174,1706.213244,1694.79798,1683.296296,1671.794613,1660.609428,1649.84624,1639.083053,1628.319865,1617.556678,1606.79349,1596.030303,1585.267116,1574.503928,1563.740741,1552.977553,1542.214366,1531.451178,1520.687991,1509.924804,1499.161616,1488.398429,1477.635241,1466.872054,1456.108866,1445.345679,1434.582492,1423.819304,1413.056117,1402.292929,1391.529742,1380.766554,1370.003367,1359.352413,1349.37486,1339.397306,1329.419753,1319.4422,1309.464646,1299.487093,1289.50954,1279.531987,1269.554433,1259.57688,1249.599327,1239.621773,1229.64422,1219.666667
NA,NA,NA,NA,NA,NA,NA,1869.693603,1872.608305,1875.523008,1878.43771,1881.352413,1884.267116,1887.181818,1890.096521,1893.011223,1895.925926,1898.840629,1901.755331,1904.670034,1907.584736,1910.499439,1913.414141,1908.848244,1902.242184,1895.636123,1889.030063,1882.424002,1875.817941,1869.211881,1862.60582,1855.999759,1849.393699,1842.787638,1836.181578,1829.575517,1822.969456,1816.363396,1809.757335,1803.151275,1796.631073,1792.429052,1788.227032,1784.025012,1779.822992,1775.620972,1771.418951,1767.042649,1757.960718,1748.878788,1739.796857,1730.714927,1721.632997,1712.551066,1703.469136,1693.350168,1681.848485,1670.346801,1659.161616,1648.398429,1637.635241,1626.872054,1616.108866,1605.345679,1594.582492,1583.819304,1573.056117,1562.292929,1551.529742,1540.766554,1530.003367,1519.24018,1508.476992,1497.713805,1486.950617,1476.18743,1465.424242,1454.661055,1443.897868,1433.13468,1422.371493,1411.608305,1400.845118,1390.08193,1379.318743,1368.555556,1357.792368,1347.029181,1336.265993,1326.28844,1316.310887,1306.333333,1296.35578,1286.378227,1276.400673,1266.42312,1256.445567,1246.468013,1236.49046,1226.512907,1216.535354
NA,NA,NA,NA,NA,NA,1867.039843,1869.954545,1872.869248,1875.783951,1878.698653,1881.613356,1884.528058,1887.442761,1890.357464,1893.272166,1896.186869,1899.101571,1902.016274,1904.930976,1907.845679,1910.760382,1913.675084,1909.109187,1902.503127,1895.897066,1889.291005,1882.684945,1876.078884,1869.472823,1862.866763,1856.260702,1849.654642,1843.048581,1836.44252,1829.83646,1823.230399,1816.624339,1810.018278,1803.412217,1796.806157,1790.200096,1785.482924,1781.280904,1777.078884,1772.876864,1768.674844,1764.298541,1755.216611,1746.13468,1737.05275,1727.970819,1718.888889,1709.806958,1700.725028,1691.643098,1680.400673,1668.89899,1657.713805,1646.950617,1636.18743,1625.424242,1614.661055,1603.897868,1593.13468,1582.371493,1571.608305,1560.845118,1550.08193,1539.318743,1528.555556,1517.792368,1507.029181,1496.265993,1485.502806,1474.739618,1463.976431,1453.213244,1442.450056,1431.686869,1420.923681,1410.160494,1399.397306,1388.634119,1377.870932,1367.107744,1356.344557,1345.581369,1334.818182,1324.054994,1313.291807,1303.20202,1293.224467,1283.246914,1273.26936,1263.291807,1253.314254,1243.3367,1233.359147,1223.381594,1213.40404
NA,NA,NA,NA,NA,1864.386083,1867.300786,1870.215488,1873.130191,1876.044893,1878.959596,1881.874299,1884.789001,1887.703704,1890.618406,1893.533109,1896.447811,1899.362514,1902.277217,1905.191919,1908.106622,1911.021324,1913.936027,1909.37013,1902.764069,1896.158009,1889.551948,1882.945887,1876.339827,1869.733766,1863.127706,1856.521645,1849.915584,1843.309524,1836.703463,1830.097403,1823.491342,1816.885281,1810.279221,1803.67316,1797.0671,1790.461039,1783.854978,1778.536797,1774.334776,1770.132756,1765.930736,1761.554433,1752.472503,1743.390572,1734.308642,1725.226712,1716.144781,1707.062851,1697.98092,1688.89899,1678.952862,1667.451178,1656.265993,1645.502806,1634.739618,1623.976431,1613.213244,1602.450056,1591.686869,1580.923681,1570.160494,1559.397306,1548.634119,1537.870932,1527.107744,1516.344557,1505.581369,1494.818182,1484.054994,1473.291807,1462.52862,1451.765432,1441.002245,1430.239057,1419.47587,1408.712682,1397.949495,1387.186308,1376.42312,1365.659933,1354.896745,1344.133558,1333.37037,1322.607183,1311.843996,1301.080808,1290.317621,1280.1156,1270.138047,1260.160494,1250.182941,1240.205387,1230.227834,1220.250281,1210.272727
NA,NA,NA,NA,1861.732323,1864.647026,1867.561728,1870.476431,1873.391134,1876.305836,1879.220539,1882.135241,1885.049944,1887.964646,1890.879349,1893.794052,1896.708754,1899.623457,1902.538159,1905.452862,1908.367565,1911.282267,1914.19697,1909.631073,1903.025012,1896.418951,1889.812891,1883.20683,1876.60077,1869.994709,1863.388648,1856.782588,1850.176527,1843.570467,1836.964406,1830.358345,1823.752285,1817.146224,1810.540164,1803.934103,1797.328042,1790.721982,1784.115921,1777.509861,1771.590669,1767.388648,1763.186628,1758.810325,1749.728395,1740.646465,1731.564534,1722.482604,1713.400673,1704.318743,1695.236813,1686.154882,1677.072952,1666.003367,1654.818182,1644.054994,1633.291807,1622.52862,1611.765432,1601.002245,1590.239057,1579.47587,1568.712682,1557.949495,1547.186308,1536.42312,1525.659933,1514.896745,1504.133558,1493.37037,1482.607183,1471.843996,1461.080808,1450.317621,1439.554433,1428.791246,1418.028058,1407.264871,1396.501684,1385.738496,1374.975309,1364.212121,1353.448934,1342.685746,1331.922559,1321.159371,1310.396184,1299.632997,1288.869809,1278.106622,1267.343434,1257.029181,1247.051627,1237.074074,1227.096521,1217.118967,1207.141414
NA,NA,NA,1859.078563,1861.993266,1864.907969,1867.822671,1870.737374,1873.652076,1876.566779,1879.481481,1882.396184,1885.310887,1888.225589,1891.140292,1894.054994,1896.969697,1899.8844,1902.799102,1905.713805,1908.628507,1911.54321,1914.457912,1909.892015,1903.285955,1896.679894,1890.073834,1883.467773,1876.861712,1870.255652,1863.649591,1857.043531,1850.43747,1843.831409,1837.225349,1830.619288,1824.013228,1817.407167,1810.801106,1804.195046,1797.588985,1790.982924,1784.376864,1777.770803,1771.164743,1764.644541,1760.44252,1756.066218,1746.984287,1737.902357,1728.820426,1719.738496,1710.656566,1701.574635,1692.492705,1683.410774,1674.328844,1664.555556,1653.37037,1642.607183,1631.843996,1621.080808,1610.317621,1599.554433,1588.791246,1578.028058,1567.264871,1556.501684,1545.738496,1534.975309,1524.212121,1513.448934,1502.685746,1491.922559,1481.159371,1470.396184,1459.632997,1448.869809,1438.106622,1427.343434,1416.580247,1405.817059,1395.053872,1384.290685,1373.527497,1362.76431,1352.001122,1341.237935,1330.474747,1319.71156,1308.948373,1298.185185,1287.421998,1276.65881,1265.895623,1255.132435,1244.369248,1233.942761,1223.965208,1213.987654,1204.010101
NA,NA,1856.424804,1859.339506,1862.254209,1865.168911,1868.083614,1870.998316,1873.913019,1876.827722,1879.742424,1882.657127,1885.571829,1888.486532,1891.401235,1894.315937,1897.23064,1900.145342,1903.060045,1905.974747,1908.88945,1911.804153,1914.718855,1910.152958,1903.546898,1896.940837,1890.334776,1883.728716,1877.122655,1870.516595,1863.910534,1857.304473,1850.698413,1844.092352,1837.486291,1830.880231,1824.27417,1817.66811,1811.062049,1804.455988,1797.849928,1791.243867,1784.637807,1778.031746,1771.425685,1764.819625,1758.213564,1753.32211,1744.24018,1735.158249,1726.076319,1716.994388,1707.912458,1698.830527,1689.748597,1680.666667,1671.584736,1662.502806,1651.922559,1641.159371,1630.396184,1619.632997,1608.869809,1598.106622,1587.343434,1576.580247,1565.817059,1555.053872,1544.290685,1533.527497,1522.76431,1512.001122,1501.237935,1490.474747,1479.71156,1468.948373,1458.185185,1447.421998,1436.65881,1425.895623,1415.132435,1404.369248,1393.606061,1382.842873,1372.079686,1361.316498,1350.553311,1339.790123,1329.026936,1318.263749,1307.500561,1296.737374,1285.974186,1275.210999,1264.447811,1253.684624,1242.921437,1232.158249,1221.395062,1210.856341,1200.878788
NA,1854.649832,1857.015713,1859.930415,1862.845118,1865.75982,1868.674523,1871.589226,1874.503928,1877.418631,1880.333333,1883.248036,1886.162738,1889.077441,1891.992144,1894.906846,1897.821549,1900.736251,1903.650954,1906.565657,1909.480359,1912.395062,1915.309764,1909.703463,1903.097403,1896.491342,1889.885281,1883.279221,1876.67316,1870.0671,1863.461039,1856.854978,1850.248918,1843.642857,1837.036797,1830.430736,1823.824675,1817.218615,1810.612554,1804.006494,1797.400433,1790.794372,1784.188312,1777.582251,1770.97619,1764.37013,1757.764069,1751.010101,1741.630752,1732.548822,1723.466891,1714.384961,1705.30303,1696.2211,1687.139169,1678.057239,1668.975309,1659.893378,1650.090909,1639.327722,1628.564534,1617.801347,1607.038159,1596.274972,1585.511785,1574.748597,1563.98541,1553.222222,1542.459035,1531.695847,1520.93266,1510.169473,1499.406285,1488.643098,1477.87991,1467.116723,1456.353535,1445.590348,1434.82716,1424.063973,1413.300786,1402.537598,1391.774411,1381.011223,1370.248036,1359.484848,1348.721661,1337.958474,1327.195286,1316.432099,1305.668911,1294.905724,1284.142536,1273.379349,1262.616162,1251.852974,1241.089787,1230.326599,1219.563412,1208.800224,NA
NA,1857.107744,1858.741863,1861.016274,1863.930976,1866.845679,1869.760382,1872.675084,1875.589787,1878.504489,1881.419192,1884.333895,1887.248597,1890.1633,1893.078002,1895.992705,1898.907407,1901.82211,1904.736813,1907.651515,1910.566218,1913.48092,1916.395623,1910.194805,1901.582251,1894.97619,1888.37013,1881.764069,1875.158009,1868.551948,1861.945887,1855.339827,1848.733766,1842.127706,1835.521645,1828.915584,1822.309524,1815.703463,1809.097403,1802.491342,1795.885281,1789.279221,1782.67316,1776.0671,1769.461039,1762.854978,1756.248918,1749.494949,1739.223345,1730.141414,1721.059484,1711.977553,1702.895623,1693.813692,1684.731762,1675.649832,1666.567901,1657.485971,1647.683502,1636.920314,1626.157127,1615.393939,1604.630752,1593.867565,1583.104377,1572.34119,1561.578002,1550.814815,1540.051627,1529.28844,1518.525253,1507.762065,1496.998878,1486.23569,1475.472503,1464.709315,1453.946128,1443.182941,1432.419753,1421.656566,1410.893378,1400.130191,1389.367003,1378.603816,1367.840629,1357.077441,1346.314254,1335.551066,1324.787879,1314.024691,1303.261504,1292.498316,1281.735129,1270.971942,1260.208754,1249.445567,1238.682379,1227.919192,NA,NA,NA
NA,1859.565657,1861.199776,1862.833895,1865.016835,1867.931538,1870.84624,1873.760943,1876.675645,1879.590348,1882.505051,1885.419753,1888.334456,1891.249158,1894.163861,1897.078563,1899.993266,1902.907969,1905.822671,1908.737374,1911.652076,1914.566779,1917.481481,1911.280664,1902.593795,1893.906926,1886.854978,1880.248918,1873.642857,1867.036797,1860.430736,1853.824675,1847.218615,1840.612554,1834.006494,1827.400433,1820.794372,1814.188312,1807.582251,1800.97619,1794.37013,1787.764069,1781.158009,1774.551948,1767.945887,1761.339827,1754.733766,1747.979798,1737.232323,1727.734007,1718.652076,1709.570146,1700.488215,1691.406285,1682.324355,1673.242424,1664.160494,1655.078563,1645.276094,1634.512907,1623.749719,1612.986532,1602.223345,1591.460157,1580.69697,1569.933782,1559.170595,1548.407407,1537.64422,1526.881033,1516.117845,1505.354658,1494.59147,1483.828283,1473.065095,1462.301908,1451.538721,1440.775533,1430.012346,1419.249158,1408.485971,1397.722783,1386.959596,1376.196409,1365.433221,1354.670034,1343.906846,1333.143659,1322.380471,1311.617284,1300.854097,1290.090909,1279.327722,1268.564534,1257.801347,1246.10101,NA,NA,NA,NA,NA
NA,1862.023569,1863.657688,1865.291807,1866.925926,1869.017396,1871.932099,1874.846801,1877.761504,1880.676207,1883.590909,1886.505612,1889.420314,1892.335017,1895.249719,1898.164422,1901.079125,1903.993827,1906.90853,1909.823232,1912.737935,1915.652637,1918.56734,1912.366522,1903.679654,1894.992785,1886.305916,1878.733766,1872.127706,1865.521645,1858.915584,1852.309524,1845.703463,1839.097403,1832.491342,1825.885281,1819.279221,1812.67316,1806.0671,1799.461039,1792.854978,1786.248918,1779.642857,1773.036797,1766.430736,1759.824675,1753.218615,1746.464646,1735.717172,1725.326599,1716.244669,1707.162738,1698.080808,1688.998878,1679.916947,1670.835017,1661.753086,1652.671156,1642.868687,1632.105499,1621.342312,1610.579125,1599.815937,1589.05275,1578.289562,1567.526375,1556.763187,1546,1535.236813,1524.473625,1513.710438,1502.94725,1492.184063,1481.420875,1470.657688,1459.894501,1449.131313,1438.368126,1427.604938,1416.841751,1406.078563,1395.315376,1384.552189,1373.789001,1363.025814,1352.262626,1341.499439,1330.736251,1319.973064,1309.209877,1298.446689,1287.683502,1276.920314,1264.282828,1246.959596,NA,NA,NA,NA,NA,NA
NA,1864.481481,1866.1156,1867.749719,1869.383838,1871.017957,1873.017957,1875.93266,1878.847363,1881.762065,1884.676768,1887.59147,1890.506173,1893.420875,1896.335578,1899.250281,1902.164983,1905.079686,1907.994388,1910.909091,1913.823793,1916.738496,1919.653199,1913.452381,1904.765512,1896.078644,1887.391775,1878.704906,1870.612554,1864.006494,1857.400433,1850.794372,1844.188312,1837.582251,1830.97619,1824.37013,1817.764069,1811.158009,1804.551948,1797.945887,1791.339827,1784.733766,1778.127706,1771.521645,1764.915584,1758.309524,1751.703463,1744.949495,1734.20202,1723.454545,1713.837262,1704.755331,1695.673401,1686.59147,1677.50954,1668.427609,1659.345679,1650.263749,1640.461279,1629.698092,1618.934905,1608.171717,1597.40853,1586.645342,1575.882155,1565.118967,1554.35578,1543.592593,1532.829405,1522.066218,1511.30303,1500.539843,1489.776655,1479.013468,1468.250281,1457.487093,1446.723906,1435.960718,1425.197531,1414.434343,1403.671156,1392.907969,1382.144781,1371.381594,1360.618406,1349.855219,1339.092031,1328.328844,1317.565657,1306.802469,1296.039282,1282.464646,1265.141414,NA,NA,NA,NA,NA,NA,NA,NA
NA,1866.939394,1868.573513,1870.207632,1871.841751,1873.47587,1875.109989,1877.018519,1879.933221,1882.847924,1885.762626,1888.677329,1891.592031,1894.506734,1897.421437,1900.336139,1903.250842,1906.165544,1909.080247,1911.994949,1914.909652,1917.824355,1920.739057,1914.53824,1905.851371,1897.164502,1888.477633,1879.790765,1871.103896,1862.491342,1855.885281,1849.279221,1842.67316,1836.0671,1829.461039,1822.854978,1816.248918,1809.642857,1803.036797,1796.430736,1789.824675,1783.218615,1776.612554,1770.006494,1763.400433,1756.794372,1750.188312,1743.434343,1732.686869,1721.939394,1711.429854,1702.347924,1693.265993,1684.184063,1675.102132,1666.020202,1656.938272,1647.856341,1638.053872,1627.290685,1616.527497,1605.76431,1595.001122,1584.237935,1573.474747,1562.71156,1551.948373,1541.185185,1530.421998,1519.65881,1508.895623,1498.132435,1487.369248,1476.606061,1465.842873,1455.079686,1444.316498,1433.553311,1422.790123,1412.026936,1401.263749,1390.500561,1379.737374,1368.974186,1358.210999,1347.447811,1336.684624,1325.921437,1315.158249,1300.646465,1283.323232,1266,NA,NA,NA,NA,NA,NA,NA,NA,NA
NA,1869.397306,1871.031425,1872.665544,1874.299663,1875.933782,1877.567901,1879.20202,1881.01908,1883.933782,1886.848485,1889.763187,1892.67789,1895.592593,1898.507295,1901.421998,1904.3367,1907.251403,1910.166105,1913.080808,1915.995511,1918.910213,1921.824916,1915.624098,1906.937229,1898.250361,1889.563492,1880.876623,1872.189755,1863.502886,1854.816017,1847.764069,1841.158009,1834.551948,1827.945887,1821.339827,1814.733766,1808.127706,1801.521645,1794.915584,1788.309524,1781.703463,1775.097403,1768.491342,1761.885281,1755.279221,1748.67316,1741.919192,1731.171717,1720.424242,1709.676768,1699.940516,1690.858586,1681.776655,1672.694725,1663.612795,1654.530864,1645.448934,1635.646465,1624.883277,1614.12009,1603.356902,1592.593715,1581.830527,1571.06734,1560.304153,1549.540965,1538.777778,1528.01459,1517.251403,1506.488215,1495.725028,1484.961841,1474.198653,1463.435466,1452.672278,1441.909091,1431.145903,1420.382716,1409.619529,1398.856341,1388.093154,1377.329966,1366.566779,1355.803591,1345.040404,1334.277217,1318.828283,1301.505051,1284.181818,NA,NA,NA,NA,NA,NA,NA,NA,NA,NA,NA
NA,1871.855219,1873.489338,1875.123457,1876.757576,1878.391695,1880.025814,1881.659933,1883.294052,1885.019641,1887.934343,1890.849046,1893.763749,1896.678451,1899.593154,1902.507856,1905.422559,1908.337262,1911.251964,1914.166667,1917.081369,1919.996072,1922.910774,1916.709957,1908.023088,1899.336219,1890.649351,1881.962482,1873.275613,1864.588745,1855.901876,1847.215007,1839.642857,1833.036797,1826.430736,1819.824675,1813.218615,1806.612554,1800.006494,1793.400433,1786.794372,1780.188312,1773.582251,1766.97619,1760.37013,1753.764069,1747.158009,1740.40404,1729.656566,1718.909091,1708.161616,1697.533109,1688.451178,1679.369248,1670.287318,1661.205387,1652.123457,1643.041526,1633.239057,1622.47587,1611.712682,1600.949495,1590.186308,1579.42312,1568.659933,1557.896745,1547.133558,1536.37037,1525.607183,1514.843996,1504.080808,1493.317621,1482.554433,1471.791246,1461.028058,1450.264871,1439.501684,1428.738496,1417.975309,1407.212121,1396.448934,1385.685746,1374.922559,1364.159371,1353.396184,1337.010101,1319.686869,1302.363636,NA,NA,NA,NA,NA,NA,NA,NA,NA,NA,NA,NA,NA
NA,1874.313131,1875.94725,1877.581369,1879.215488,1880.849607,1882.483726,1884.117845,1885.751964,1887.386083,1889.020202,1891.934905,1894.849607,1897.76431,1900.679012,1903.593715,1906.508418,1909.42312,1912.337823,1915.252525,1918.167228,1921.08193,1923.996633,1917.795815,1909.108947,1900.422078,1891.735209,1883.048341,1874.361472,1865.674603,1856.987734,1848.300866,1839.613997,1831.521645,1824.915584,1818.309524,1811.703463,1805.097403,1798.491342,1791.885281,1785.279221,1778.67316,1772.0671,1765.461039,1758.854978,1752.248918,1745.642857,1738.888889,1728.141414,1717.393939,1706.646465,1695.89899,1686.043771,1676.961841,1667.87991,1658.79798,1649.716049,1640.634119,1630.83165,1620.068462,1609.305275,1598.542088,1587.7789,1577.015713,1566.252525,1555.489338,1544.72615,1533.962963,1523.199776,1512.436588,1501.673401,1490.910213,1480.147026,1469.383838,1458.620651,1447.857464,1437.094276,1426.331089,1415.567901,1404.804714,1394.041526,1383.278339,1372.515152,1355.191919,1337.868687,1320.545455,NA,NA,NA,NA,NA,NA,NA,NA,NA,NA,NA,NA,NA,NA,NA
NA,1876.771044,1878.405163,1880.039282,1881.673401,1883.30752,1884.941639,1886.575758,1888.209877,1889.843996,1891.478114,1893.112233,1895.935466,1898.850168,1901.764871,1904.679574,1907.594276,1910.508979,1913.423681,1916.338384,1919.253086,1922.167789,1925.082492,1918.881674,1910.194805,1901.507937,1892.821068,1884.134199,1875.44733,1866.760462,1858.073593,1849.386724,1840.699856,1832.012987,1823.400433,1816.794372,1810.188312,1803.582251,1796.97619,1790.37013,1783.764069,1777.158009,1770.551948,1763.945887,1757.339827,1750.733766,1744.127706,1737.373737,1726.626263,1715.878788,1705.131313,1694.383838,1683.636364,1674.554433,1665.472503,1656.390572,1647.308642,1638.226712,1628.424242,1617.661055,1606.897868,1596.13468,1585.371493,1574.608305,1563.845118,1553.08193,1542.318743,1531.555556,1520.792368,1510.029181,1499.265993,1488.502806,1477.739618,1466.976431,1456.213244,1445.450056,1434.686869,1423.923681,1413.160494,1402.397306,1390.69697,1373.373737,1356.050505,1338.727273,1321.40404,NA,NA,NA,NA,NA,NA,NA,NA,NA,NA,NA,NA,NA,NA,NA,NA
NA,1879.228956,1880.863075,1882.497194,1884.131313,1885.765432,1887.399551,1889.03367,1890.667789,1892.301908,1893.936027,1895.570146,1897.204265,1899.936027,1902.85073,1905.765432,1908.680135,1911.594837,1914.50954,1917.424242,1920.338945,1923.253648,1926.16835,1919.967532,1911.280664,1902.593795,1893.906926,1885.220058,1876.533189,1867.84632,1859.159452,1850.472583,1841.785714,1833.098846,1824.411977,1815.725108,1808.67316,1802.0671,1795.461039,1788.854978,1782.248918,1775.642857,1769.036797,1762.430736,1755.824675,1749.218615,1742.612554,1735.858586,1725.111111,1714.363636,1703.616162,1692.868687,1682.121212,1672.147026,1663.065095,1653.983165,1644.901235,1635.819304,1626.016835,1615.253648,1604.49046,1593.727273,1582.964085,1572.200898,1561.43771,1550.674523,1539.911336,1529.148148,1518.384961,1507.621773,1496.858586,1486.095398,1475.332211,1464.569024,1453.805836,1443.042649,1432.279461,1421.516274,1408.878788,1391.555556,1374.232323,1356.909091,1339.585859,NA,NA,NA,NA,NA,NA,NA,NA,NA,NA,NA,NA,NA,NA,NA,NA,NA,NA
NA,1881.686869,1883.320988,1884.955107,1886.589226,1888.223345,1889.857464,1891.491582,1893.125701,1894.75982,1896.393939,1898.028058,1899.662177,1901.296296,1903.936588,1906.851291,1909.765993,1912.680696,1915.595398,1918.510101,1921.424804,1924.339506,1927.254209,1921.053391,1912.366522,1903.679654,1894.992785,1886.305916,1877.619048,1868.932179,1860.24531,1851.558442,1842.871573,1834.184704,1825.497835,1816.810967,1808.124098,1800.551948,1793.945887,1787.339827,1780.733766,1774.127706,1767.521645,1760.915584,1754.309524,1747.703463,1741.097403,1734.343434,1723.59596,1712.848485,1702.10101,1691.353535,1680.606061,1669.858586,1660.657688,1651.575758,1642.493827,1633.411897,1623.609428,1612.84624,1602.083053,1591.319865,1580.556678,1569.79349,1559.030303,1548.267116,1537.503928,1526.740741,1515.977553,1505.214366,1494.451178,1483.687991,1472.924804,1462.161616,1451.398429,1440.635241,1427.060606,1409.737374,1392.414141,1375.090909,1357.767677,NA,NA,NA,NA,NA,NA,NA,NA,NA,NA,NA,NA,NA,NA,NA,NA,NA,NA,NA,NA
NA,1884.144781,1885.7789,1887.413019,1889.047138,1890.681257,1892.315376,1893.949495,1895.583614,1897.217733,1898.851852,1900.485971,1902.12009,1903.754209,1905.388328,1907.937149,1910.851852,1913.766554,1916.681257,1919.59596,1922.510662,1925.425365,1928.340067,1922.13925,1913.452381,1904.765512,1896.078644,1887.391775,1878.704906,1870.018038,1861.331169,1852.6443,1843.957431,1835.270563,1826.583694,1817.896825,1809.209957,1800.523088,1792.430736,1785.824675,1779.218615,1772.612554,1766.006494,1759.400433,1752.794372,1746.188312,1739.582251,1732.828283,1722.080808,1711.333333,1700.585859,1689.838384,1679.090909,1668.343434,1658.250281,1649.16835,1640.08642,1631.004489,1621.20202,1610.438833,1599.675645,1588.912458,1578.14927,1567.386083,1556.622896,1545.859708,1535.096521,1524.333333,1513.570146,1502.806958,1492.043771,1481.280584,1470.517396,1459.754209,1445.242424,1427.919192,1410.59596,1393.272727,1375.949495,1358.626263,NA,NA,NA,NA,NA,NA,NA,NA,NA,NA,NA,NA,NA,NA,NA,NA,NA,NA,NA,NA,NA
NA,1886.602694,1888.236813,1889.870932,1891.505051,1893.139169,1894.773288,1896.407407,1898.041526,1899.675645,1901.309764,1902.943883,1904.578002,1906.212121,1907.84624,1909.480359,1911.93771,1914.852413,1917.767116,1920.681818,1923.596521,1926.511223,1929.425926,1923.225108,1914.53824,1905.851371,1897.164502,1888.477633,1879.790765,1871.103896,1862.417027,1853.730159,1845.04329,1836.356421,1827.669553,1818.982684,1810.295815,1801.608947,1792.922078,1784.309524,1777.703463,1771.097403,1764.491342,1757.885281,1751.279221,1744.67316,1738.0671,1731.313131,1720.565657,1709.818182,1699.070707,1688.323232,1677.575758,1666.828283,1656.080808,1646.760943,1637.679012,1628.597082,1618.794613,1608.031425,1597.268238,1586.505051,1575.741863,1564.978676,1554.215488,1543.452301,1532.689113,1521.925926,1511.162738,1500.399551,1489.636364,1478.873176,1463.424242,1446.10101,1428.777778,1411.454545,1394.131313,1376.808081,NA,NA,NA,NA,NA,NA,NA,NA,NA,NA,NA,NA,NA,NA,NA,NA,NA,NA,NA,NA,NA,NA,NA
NA,1889.060606,1890.694725,1892.328844,1893.962963,1895.597082,1897.231201,1898.86532,1900.499439,1902.133558,1903.767677,1905.401796,1907.035915,1908.670034,1910.304153,1911.938272,1913.572391,1915.938272,1918.852974,1921.767677,1924.682379,1927.597082,1930.511785,1924.310967,1915.624098,1906.937229,1898.250361,1889.563492,1880.876623,1872.189755,1863.502886,1854.816017,1846.129149,1837.44228,1828.755411,1820.068543,1811.381674,1802.694805,1794.007937,1785.321068,1776.634199,1769.582251,1762.97619,1756.37013,1749.764069,1743.158009,1736.551948,1729.79798,1719.050505,1708.30303,1697.555556,1686.808081,1676.060606,1665.313131,1654.565657,1644.353535,1635.271605,1626.189675,1616.387205,1605.624018,1594.860831,1584.097643,1573.334456,1562.571268,1551.808081,1541.044893,1530.281706,1519.518519,1508.755331,1497.992144,1481.606061,1464.282828,1446.959596,1429.636364,1412.313131,1394.989899,1377.666667,NA,NA,NA,NA,NA,NA,NA,NA,NA,NA,NA,NA,NA,NA,NA,NA,NA,NA,NA,NA,NA,NA,NA,NA
NA,1891.518519,1893.152637,1894.786756,1896.420875,1898.054994,1899.689113,1901.323232,1902.957351,1904.59147,1906.225589,1907.859708,1909.493827,1911.127946,1912.762065,1914.396184,1916.030303,1917.664422,1919.938833,1922.853535,1925.768238,1928.682941,1931.597643,1925.396825,1916.709957,1908.023088,1899.336219,1890.649351,1881.962482,1873.275613,1864.588745,1855.901876,1847.215007,1838.528139,1829.84127,1821.154401,1812.467532,1803.780664,1795.093795,1786.406926,1777.720058,1769.033189,1761.461039,1754.854978,1748.248918,1741.642857,1735.036797,1728.282828,1717.535354,1706.787879,1696.040404,1685.292929,1674.545455,1663.79798,1653.050505,1642.30303,1632.864198,1623.782267,1613.979798,1603.216611,1592.453423,1581.690236,1570.927048,1560.163861,1549.400673,1538.637486,1527.874299,1517.111111,1499.787879,1482.464646,1465.141414,1447.818182,1430.494949,1413.171717,1395.848485,NA,NA,NA,NA,NA,NA,NA,NA,NA,NA,NA,NA,NA,NA,NA,NA,NA,NA,NA,NA,NA,NA,NA,NA,NA,NA
NA,1893.976431,1895.61055,1897.244669,1898.878788,1900.512907,1902.147026,1903.781145,1905.415264,1907.049383,1908.683502,1910.317621,1911.95174,1913.585859,1915.219978,1916.854097,1918.488215,1920.122334,1921.756453,1923.939394,1926.854097,1929.768799,1932.683502,1926.482684,1917.795815,1909.108947,1900.422078,1891.735209,1883.048341,1874.361472,1865.674603,1856.987734,1848.300866,1839.613997,1830.927128,1822.24026,1813.553391,1804.866522,1796.179654,1787.492785,1778.805916,1770.119048,1761.432179,1753.339827,1746.733766,1740.127706,1733.521645,1726.767677,1716.020202,1705.272727,1694.525253,1683.777778,1673.030303,1662.282828,1651.535354,1640.787879,1630.45679,1621.37486,1611.572391,1600.809203,1590.046016,1579.282828,1568.519641,1557.756453,1546.993266,1535.292929,1517.969697,1500.646465,1483.323232,1466,1448.676768,1431.353535,1414.030303,NA,NA,NA,NA,NA,NA,NA,NA,NA,NA,NA,NA,NA,NA,NA,NA,NA,NA,NA,NA,NA,NA,NA,NA,NA,NA,NA,NA
NA,1896.434343,1898.068462,1899.702581,1901.3367,1902.970819,1904.604938,1906.239057,1907.873176,1909.507295,1911.141414,1912.775533,1914.409652,1916.043771,1917.67789,1919.312009,1920.946128,1922.580247,1924.214366,1925.848485,1927.939955,1930.854658,1933.76936,1927.568543,1918.881674,1910.194805,1901.507937,1892.821068,1884.134199,1875.44733,1866.760462,1858.073593,1849.386724,1840.699856,1832.012987,1823.326118,1814.63925,1805.952381,1797.265512,1788.578644,1779.891775,1771.204906,1762.518038,1753.831169,1745.218615,1738.612554,1732.006494,1725.252525,1714.505051,1703.757576,1693.010101,1682.262626,1671.515152,1660.767677,1650.020202,1639.272727,1628.525253,1618.967452,1609.164983,1598.401796,1587.638608,1576.875421,1566.112233,1553.474747,1536.151515,1518.828283,1501.505051,1484.181818,1466.858586,1449.535354,1432.212121,1414.888889,NA,NA,NA,NA,NA,NA,NA,NA,NA,NA,NA,NA,NA,NA,NA,NA,NA,NA,NA,NA,NA,NA,NA,NA,NA,NA,NA,NA,NA
NA,1898.892256,1900.526375,1902.160494,1903.794613,1905.428732,1907.062851,1908.69697,1910.331089,1911.965208,1913.599327,1915.233446,1916.867565,1918.501684,1920.135802,1921.769921,1923.40404,1925.038159,1926.672278,1928.306397,1929.940516,1931.940516,1934.855219,1928.654401,1919.967532,1911.280664,1902.593795,1893.906926,1885.220058,1876.533189,1867.84632,1859.159452,1850.472583,1841.785714,1833.098846,1824.411977,1815.725108,1807.03824,1798.351371,1789.664502,1780.977633,1772.290765,1763.603896,1754.917027,1746.230159,1737.54329,1730.491342,1723.737374,1712.989899,1702.242424,1691.494949,1680.747475,1670,1659.252525,1648.505051,1637.757576,1627.010101,1616.560045,1606.757576,1595.994388,1585.231201,1571.656566,1554.333333,1537.010101,1519.686869,1502.363636,1485.040404,1467.717172,1450.393939,1433.070707,NA,NA,NA,NA,NA,NA,NA,NA,NA,NA,NA,NA,NA,NA,NA,NA,NA,NA,NA,NA,NA,NA,NA,NA,NA,NA,NA,NA,NA,NA,NA
NA,1901.350168,1902.984287,1904.618406,1906.252525,1907.886644,1909.520763,1911.154882,1912.789001,1914.42312,1916.057239,1917.691358,1919.325477,1920.959596,1922.593715,1924.227834,1925.861953,1927.496072,1929.130191,1930.76431,1932.398429,1934.032548,1935.941077,1929.74026,1921.053391,1912.366522,1903.679654,1894.992785,1886.305916,1877.619048,1868.932179,1860.24531,1851.558442,1842.871573,1834.184704,1825.497835,1816.810967,1808.124098,1799.437229,1790.750361,1782.063492,1773.376623,1764.689755,1756.002886,1747.316017,1738.629149,1729.94228,1722.222222,1711.474747,1700.727273,1689.979798,1679.232323,1668.484848,1657.737374,1646.989899,1636.242424,1625.494949,1614.747475,1604.350168,1589.838384,1572.515152,1555.191919,1537.868687,1520.545455,1503.222222,1485.89899,1468.575758,1451.252525,NA,NA,NA,NA,NA,NA,NA,NA,NA,NA,NA,NA,NA,NA,NA,NA,NA,NA,NA,NA,NA,NA,NA,NA,NA,NA,NA,NA,NA,NA,NA,NA,NA
NA,1902.843434,1904.477553,1906.111672,1907.745791,1909.37991,1911.014029,1912.648148,1914.282267,1915.916386,1917.550505,1919.184624,1920.818743,1922.452862,1924.086981,1925.7211,1927.355219,1928.989338,1930.623457,1932.257576,1933.891695,1935.525814,1936.054113,1927.367244,1918.680375,1909.993506,1901.306638,1892.619769,1883.9329,1875.246032,1866.559163,1857.872294,1849.185426,1840.498557,1831.811688,1823.12482,1814.437951,1805.751082,1797.064214,1788.377345,1779.690476,1771.003608,1762.316739,1753.62987,1744.943001,1736.256133,1727.569264,1717.373737,1706.626263,1695.878788,1685.131313,1674.383838,1663.636364,1652.888889,1642.141414,1631.393939,1620.646465,1608.020202,1590.69697,1573.373737,1556.050505,1538.727273,1521.40404,1504.080808,1486.757576,1469.434343,1452.111111,NA,NA,NA,NA,NA,NA,NA,NA,NA,NA,NA,NA,NA,NA,NA,NA,NA,NA,NA,NA,NA,NA,NA,NA,NA,NA,NA,NA,NA,NA,NA,NA,NA,NA
NA,1903.693603,1905.327722,1906.961841,1908.59596,1910.230079,1911.864198,1913.498316,1915.132435,1916.766554,1918.400673,1920.034792,1921.668911,1923.30303,1924.937149,1926.571268,1928.205387,1929.839506,1931.473625,1933.107744,1934.741863,1936.375982,1931.37518,1922.688312,1914.001443,1905.314574,1896.627706,1887.940837,1879.253968,1870.5671,1861.880231,1853.193362,1844.506494,1835.819625,1827.132756,1818.445887,1809.759019,1801.07215,1792.385281,1783.698413,1775.011544,1766.324675,1757.637807,1748.950938,1740.264069,1731.577201,1721.050505,1710.30303,1699.555556,1688.808081,1678.060606,1667.313131,1656.565657,1645.818182,1635.070707,1624.323232,1608.878788,1591.555556,1574.232323,1556.909091,1539.585859,1522.262626,1504.939394,1487.616162,1470.292929,NA,NA,NA,NA,NA,NA,NA,NA,NA,NA,NA,NA,NA,NA,NA,NA,NA,NA,NA,NA,NA,NA,NA,NA,NA,NA,NA,NA,NA,NA,NA,NA,NA,NA,NA,NA
NA,1904.543771,1906.17789,1907.812009,1909.446128,1911.080247,1912.714366,1914.348485,1915.982604,1917.616723,1919.250842,1920.884961,1922.51908,1924.153199,1925.787318,1927.421437,1929.055556,1930.689675,1932.323793,1933.957912,1935.592031,1935.383117,1926.696248,1918.00938,1909.322511,1900.635642,1891.948773,1883.261905,1874.575036,1865.888167,1857.201299,1848.51443,1839.827561,1831.140693,1822.453824,1813.766955,1805.080087,1796.393218,1787.706349,1779.019481,1770.332612,1761.645743,1752.958874,1744.272006,1735.474747,1724.727273,1713.979798,1703.232323,1692.484848,1681.737374,1670.989899,1660.242424,1649.494949,1638.747475,1627.060606,1609.737374,1592.414141,1575.090909,1557.767677,1540.444444,1523.121212,1505.79798,1488.474747,NA,NA,NA,NA,NA,NA,NA,NA,NA,NA,NA,NA,NA,NA,NA,NA,NA,NA,NA,NA,NA,NA,NA,NA,NA,NA,NA,NA,NA,NA,NA,NA,NA,NA,NA,NA,NA,NA
NA,1905.393939,1907.028058,1908.662177,1910.296296,1911.930415,1913.564534,1915.198653,1916.832772,1918.466891,1920.10101,1921.735129,1923.369248,1925.003367,1926.637486,1928.271605,1929.905724,1931.539843,1933.173962,1934.808081,1936.4422,1930.704185,1922.017316,1913.330447,1904.643579,1895.95671,1887.269841,1878.582973,1869.896104,1861.209235,1852.522367,1843.835498,1835.148629,1826.46176,1817.774892,1809.088023,1800.401154,1791.714286,1783.027417,1774.340548,1765.65368,1756.966811,1748.279942,1739.151515,1728.40404,1717.656566,1706.909091,1696.161616,1685.414141,1674.666667,1663.919192,1653.171717,1642.424242,1627.919192,1610.59596,1593.272727,1575.949495,1558.626263,1541.30303,1523.979798,1506.656566,NA,NA,NA,NA,NA,NA,NA,NA,NA,NA,NA,NA,NA,NA,NA,NA,NA,NA,NA,NA,NA,NA,NA,NA,NA,NA,NA,NA,NA,NA,NA,NA,NA,NA,NA,NA,NA,NA,NA,NA
NA,1906.244108,1907.878227,1909.512346,1911.146465,1912.780584,1914.414703,1916.048822,1917.682941,1919.317059,1920.951178,1922.585297,1924.219416,1925.853535,1927.487654,1929.121773,1930.755892,1932.390011,1934.02413,1935.658249,1934.712121,1926.025253,1917.338384,1908.651515,1899.964646,1891.277778,1882.590909,1873.90404,1865.217172,1856.530303,1847.843434,1839.156566,1830.469697,1821.782828,1813.09596,1804.409091,1795.722222,1787.035354,1778.348485,1769.661616,1760.974747,1752.287879,1742.828283,1732.080808,1721.333333,1710.585859,1699.838384,1689.090909,1678.343434,1667.59596,1656.848485,1646.10101,1628.777778,1611.454545,1594.131313,1576.808081,1559.484848,1542.161616,1524.838384,1507.515152,NA,NA,NA,NA,NA,NA,NA,NA,NA,NA,NA,NA,NA,NA,NA,NA,NA,NA,NA,NA,NA,NA,NA,NA,NA,NA,NA,NA,NA,NA,NA,NA,NA,NA,NA,NA,NA,NA,NA,NA,NA
NA,1907.094276,1908.728395,1910.362514,1911.996633,1913.630752,1915.264871,1916.89899,1918.533109,1920.167228,1921.801347,1923.435466,1925.069585,1926.703704,1928.337823,1929.971942,1931.606061,1933.24018,1934.874299,1936.508418,1930.033189,1921.34632,1912.659452,1903.972583,1895.285714,1886.598846,1877.911977,1869.225108,1860.53824,1851.851371,1843.164502,1834.477633,1825.790765,1817.103896,1808.417027,1799.730159,1791.04329,1782.356421,1773.669553,1764.982684,1756.295815,1746.505051,1735.757576,1725.010101,1714.262626,1703.515152,1692.767677,1682.020202,1671.272727,1660.525253,1646.959596,1629.636364,1612.313131,1594.989899,1577.666667,1560.343434,1543.020202,1525.69697,NA,NA,NA,NA,NA,NA,NA,NA,NA,NA,NA,NA,NA,NA,NA,NA,NA,NA,NA,NA,NA,NA,NA,NA,NA,NA,NA,NA,NA,NA,NA,NA,NA,NA,NA,NA,NA,NA,NA,NA,NA,NA,NA
NA,1907.944444,1909.578563,1911.212682,1912.846801,1914.48092,1916.115039,1917.749158,1919.383277,1921.017396,1922.651515,1924.285634,1925.919753,1927.553872,1929.187991,1930.82211,1932.456229,1934.090348,1935.724467,1934.041126,1925.354257,1916.667388,1907.980519,1899.293651,1890.606782,1881.919913,1873.233045,1864.546176,1855.859307,1847.172439,1838.48557,1829.798701,1821.111833,1812.424964,1803.738095,1795.051227,1786.364358,1777.677489,1768.99062,1760.303752,1750.181818,1739.434343,1728.686869,1717.939394,1707.191919,1696.444444,1685.69697,1674.949495,1664.20202,1647.818182,1630.494949,1613.171717,1595.848485,1578.525253,1561.20202,1543.878788,NA,NA,NA,NA,NA,NA,NA,NA,NA,NA,NA,NA,NA,NA,NA,NA,NA,NA,NA,NA,NA,NA,NA,NA,NA,NA,NA,NA,NA,NA,NA,NA,NA,NA,NA,NA,NA,NA,NA,NA,NA,NA,NA,NA,NA
NA,1908.794613,1910.428732,1912.062851,1913.69697,1915.331089,1916.965208,1918.599327,1920.233446,1921.867565,1923.501684,1925.135802,1926.769921,1928.40404,1930.038159,1931.672278,1933.306397,1934.940516,1936.574635,1929.362193,1920.675325,1911.988456,1903.301587,1894.614719,1885.92785,1877.240981,1868.554113,1859.867244,1851.180375,1842.493506,1833.806638,1825.119769,1816.4329,1807.746032,1799.059163,1790.372294,1781.685426,1772.998557,1764.311688,1753.858586,1743.111111,1732.363636,1721.616162,1710.868687,1700.121212,1689.373737,1678.626263,1666,1648.676768,1631.353535,1614.030303,1596.707071,1579.383838,1562.060606,1544.737374,NA,NA,NA,NA,NA,NA,NA,NA,NA,NA,NA,NA,NA,NA,NA,NA,NA,NA,NA,NA,NA,NA,NA,NA,NA,NA,NA,NA,NA,NA,NA,NA,NA,NA,NA,NA,NA,NA,NA,NA,NA,NA,NA,NA,NA,NA
NA,1909.644781,1911.2789,1912.913019,1914.547138,1916.181257,1917.815376,1919.449495,1921.083614,1922.717733,1924.351852,1925.985971,1927.62009,1929.254209,1930.888328,1932.522447,1934.156566,1935.790685,1933.37013,1924.683261,1915.996392,1907.309524,1898.622655,1889.935786,1881.248918,1872.562049,1863.87518,1855.188312,1846.501443,1837.814574,1829.127706,1820.440837,1811.753968,1803.0671,1794.380231,1785.693362,1777.006494,1768.282828,1757.535354,1746.787879,1736.040404,1725.292929,1714.545455,1703.79798,1693.050505,1682.30303,1666.858586,1649.535354,1632.212121,1614.888889,1597.565657,1580.242424,1562.919192,NA,NA,NA,NA,NA,NA,NA,NA,NA,NA,NA,NA,NA,NA,NA,NA,NA,NA,NA,NA,NA,NA,NA,NA,NA,NA,NA,NA,NA,NA,NA,NA,NA,NA,NA,NA,NA,NA,NA,NA,NA,NA,NA,NA,NA,NA,NA,NA
NA,1910.494949,1912.129068,1913.763187,1915.397306,1917.031425,1918.665544,1920.299663,1921.933782,1923.567901,1925.20202,1926.836139,1928.470258,1930.104377,1931.738496,1933.372615,1935.006734,1936.640853,1928.691198,1920.004329,1911.31746,1902.630592,1893.943723,1885.256854,1876.569986,1867.883117,1859.196248,1850.50938,1841.822511,1833.135642,1824.448773,1815.761905,1807.075036,1798.388167,1789.701299,1781.01443,1771.959596,1761.212121,1750.464646,1739.717172,1728.969697,1718.222222,1707.474747,1696.727273,1685.040404,1667.717172,1650.393939,1633.070707,1615.747475,1598.424242,1581.10101,1563.777778,NA,NA,NA,NA,NA,NA,NA,NA,NA,NA,NA,NA,NA,NA,NA,NA,NA,NA,NA,NA,NA,NA,NA,NA,NA,NA,NA,NA,NA,NA,NA,NA,NA,NA,NA,NA,NA,NA,NA,NA,NA,NA,NA,NA,NA,NA,NA,NA,NA
NA,1911.345118,1912.979237,1914.613356,1916.247475,1917.881594,1919.515713,1921.149832,1922.783951,1924.41807,1926.052189,1927.686308,1929.320426,1930.954545,1932.588664,1934.222783,1935.856902,1932.699134,1924.012266,1915.325397,1906.638528,1897.951659,1889.264791,1880.577922,1871.891053,1863.204185,1854.517316,1845.830447,1837.143579,1828.45671,1819.769841,1811.082973,1802.396104,1793.709235,1785.022367,1775.636364,1764.888889,1754.141414,1743.393939,1732.646465,1721.89899,1711.151515,1700.40404,1685.89899,1668.575758,1651.252525,1633.929293,1616.606061,1599.282828,1581.959596,NA,NA,NA,NA,NA,NA,NA,NA,NA,NA,NA,NA,NA,NA,NA,NA,NA,NA,NA,NA,NA,NA,NA,NA,NA,NA,NA,NA,NA,NA,NA,NA,NA,NA,NA,NA,NA,NA,NA,NA,NA,NA,NA,NA,NA,NA,NA,NA,NA,NA,NA
NA,1912.195286,1913.829405,1915.463524,1917.097643,1918.731762,1920.365881,1922,1923.634119,1925.268238,1926.902357,1928.536476,1930.170595,1931.804714,1933.438833,1935.072952,1936.707071,1928.020202,1919.333333,1910.646465,1901.959596,1893.272727,1884.585859,1875.89899,1867.212121,1858.525253,1849.838384,1841.151515,1832.464646,1823.777778,1815.090909,1806.40404,1797.717172,1789.030303,1779.313131,1768.565657,1757.818182,1747.070707,1736.323232,1725.575758,1714.828283,1704.080808,1686.757576,1669.434343,1652.111111,1634.787879,1617.464646,1600.141414,NA,NA,NA,NA,NA,NA,NA,NA,NA,NA,NA,NA,NA,NA,NA,NA,NA,NA,NA,NA,NA,NA,NA,NA,NA,NA,NA,NA,NA,NA,NA,NA,NA,NA,NA,NA,NA,NA,NA,NA,NA,NA,NA,NA,NA,NA,NA,NA,NA,NA,NA,NA,NA
NA,1913.045455,1914.679574,1916.313692,1917.947811,1919.58193,1921.216049,1922.850168,1924.484287,1926.118406,1927.752525,1929.386644,1931.020763,1932.654882,1934.289001,1935.92312,1932.028139,1923.34127,1914.654401,1905.967532,1897.280664,1888.593795,1879.906926,1871.220058,1862.533189,1853.84632,1845.159452,1836.472583,1827.785714,1819.098846,1810.411977,1801.725108,1793.03824,1782.989899,1772.242424,1761.494949,1750.747475,1740,1729.252525,1718.505051,1704.939394,1687.616162,1670.292929,1652.969697,1635.646465,1618.323232,NA,NA,NA,NA,NA,NA,NA,NA,NA,NA,NA,NA,NA,NA,NA,NA,NA,NA,NA,NA,NA,NA,NA,NA,NA,NA,NA,NA,NA,NA,NA,NA,NA,NA,NA,NA,NA,NA,NA,NA,NA,NA,NA,NA,NA,NA,NA,NA,NA,NA,NA,NA,NA,NA,NA
NA,1913.895623,1915.529742,1917.163861,1918.79798,1920.432099,1922.066218,1923.700337,1925.334456,1926.968575,1928.602694,1930.236813,1931.870932,1933.505051,1935.139169,1936.036075,1927.349206,1918.662338,1909.975469,1901.2886,1892.601732,1883.914863,1875.227994,1866.541126,1857.854257,1849.167388,1840.480519,1831.793651,1823.106782,1814.419913,1805.733045,1797.046176,1786.666667,1775.919192,1765.171717,1754.424242,1743.676768,1732.929293,1722.181818,1705.79798,1688.474747,1671.151515,1653.828283,1636.505051,1619.181818,NA,NA,NA,NA,NA,NA,NA,NA,NA,NA,NA,NA,NA,NA,NA,NA,NA,NA,NA,NA,NA,NA,NA,NA,NA,NA,NA,NA,NA,NA,NA,NA,NA,NA,NA,NA,NA,NA,NA,NA,NA,NA,NA,NA,NA,NA,NA,NA,NA,NA,NA,NA,NA,NA,NA,NA
NA,1914.745791,1916.37991,1918.014029,1919.648148,1921.282267,1922.916386,1924.550505,1926.184624,1927.818743,1929.452862,1931.086981,1932.7211,1934.355219,1935.989338,1931.357143,1922.670274,1913.983405,1905.296537,1896.609668,1887.922799,1879.235931,1870.549062,1861.862193,1853.175325,1844.488456,1835.801587,1827.114719,1818.42785,1809.740981,1801.054113,1790.343434,1779.59596,1768.848485,1758.10101,1747.353535,1736.606061,1723.979798,1706.656566,1689.333333,1672.010101,1654.686869,1637.363636,NA,NA,NA,NA,NA,NA,NA,NA,NA,NA,NA,NA,NA,NA,NA,NA,NA,NA,NA,NA,NA,NA,NA,NA,NA,NA,NA,NA,NA,NA,NA,NA,NA,NA,NA,NA,NA,NA,NA,NA,NA,NA,NA,NA,NA,NA,NA,NA,NA,NA,NA,NA,NA,NA,NA,NA,NA,NA
NA,1915.59596,1917.230079,1918.864198,1920.498316,1922.132435,1923.766554,1925.400673,1927.034792,1928.668911,1930.30303,1931.937149,1933.571268,1935.205387,1935.365079,1926.678211,1917.991342,1909.304473,1900.617605,1891.930736,1883.243867,1874.556999,1865.87013,1857.183261,1848.496392,1839.809524,1831.122655,1822.435786,1813.748918,1804.767677,1794.020202,1783.272727,1772.525253,1761.777778,1751.030303,1740.282828,1724.838384,1707.515152,1690.191919,1672.868687,1655.545455,1638.222222,NA,NA,NA,NA,NA,NA,NA,NA,NA,NA,NA,NA,NA,NA,NA,NA,NA,NA,NA,NA,NA,NA,NA,NA,NA,NA,NA,NA,NA,NA,NA,NA,NA,NA,NA,NA,NA,NA,NA,NA,NA,NA,NA,NA,NA,NA,NA,NA,NA,NA,NA,NA,NA,NA,NA,NA,NA,NA,NA
NA,1916.446128,1918.080247,1919.714366,1921.348485,1922.982604,1924.616723,1926.250842,1927.884961,1929.51908,1931.153199,1932.787318,1934.421437,1936.055556,1930.686147,1921.999278,1913.31241,1904.625541,1895.938672,1887.251804,1878.564935,1869.878066,1861.191198,1852.504329,1843.81746,1835.130592,1826.443723,1817.756854,1808.444444,1797.69697,1786.949495,1776.20202,1765.454545,1754.707071,1743.020202,1725.69697,1708.373737,1691.050505,1673.727273,1656.40404,NA,NA,NA,NA,NA,NA,NA,NA,NA,NA,NA,NA,NA,NA,NA,NA,NA,NA,NA,NA,NA,NA,NA,NA,NA,NA,NA,NA,NA,NA,NA,NA,NA,NA,NA,NA,NA,NA,NA,NA,NA,NA,NA,NA,NA,NA,NA,NA,NA,NA,NA,NA,NA,NA,NA,NA,NA,NA,NA,NA,NA
NA,1917.296296,1918.930415,1920.564534,1922.198653,1923.832772,1925.466891,1927.10101,1928.735129,1930.369248,1932.003367,1933.637486,1935.271605,1934.694084,1926.007215,1917.320346,1908.633478,1899.946609,1891.25974,1882.572872,1873.886003,1865.199134,1856.512266,1847.825397,1839.138528,1830.451659,1821.764791,1812.121212,1801.373737,1790.626263,1779.878788,1769.131313,1758.383838,1743.878788,1726.555556,1709.232323,1691.909091,1674.585859,NA,NA,NA,NA,NA,NA,NA,NA,NA,NA,NA,NA,NA,NA,NA,NA,NA,NA,NA,NA,NA,NA,NA,NA,NA,NA,NA,NA,NA,NA,NA,NA,NA,NA,NA,NA,NA,NA,NA,NA,NA,NA,NA,NA,NA,NA,NA,NA,NA,NA,NA,NA,NA,NA,NA,NA,NA,NA,NA,NA,NA,NA,NA
NA,1918.146465,1919.780584,1921.414703,1923.048822,1924.682941,1926.317059,1927.951178,1929.585297,1931.219416,1932.853535,1934.487654,1936.121773,1930.015152,1921.328283,1912.641414,1903.954545,1895.267677,1886.580808,1877.893939,1869.207071,1860.520202,1851.833333,1843.146465,1834.459596,1825.772727,1815.79798,1805.050505,1794.30303,1783.555556,1772.808081,1762.060606,1744.737374,1727.414141,1710.090909,1692.767677,1675.444444,NA,NA,NA,NA,NA,NA,NA,NA,NA,NA,NA,NA,NA,NA,NA,NA,NA,NA,NA,NA,NA,NA,NA,NA,NA,NA,NA,NA,NA,NA,NA,NA,NA,NA,NA,NA,NA,NA,NA,NA,NA,NA,NA,NA,NA,NA,NA,NA,NA,NA,NA,NA,NA,NA,NA,NA,NA,NA,NA,NA,NA,NA,NA,NA
NA,1918.996633,1920.630752,1922.264871,1923.89899,1925.533109,1927.167228,1928.801347,1930.435466,1932.069585,1933.703704,1935.337823,1934.023088,1925.336219,1916.649351,1907.962482,1899.275613,1890.588745,1881.901876,1873.215007,1864.528139,1855.84127,1847.154401,1838.467532,1829.780664,1819.474747,1808.727273,1797.979798,1787.232323,1776.484848,1762.919192,1745.59596,1728.272727,1710.949495,1693.626263,NA,NA,NA,NA,NA,NA,NA,NA,NA,NA,NA,NA,NA,NA,NA,NA,NA,NA,NA,NA,NA,NA,NA,NA,NA,NA,NA,NA,NA,NA,NA,NA,NA,NA,NA,NA,NA,NA,NA,NA,NA,NA,NA,NA,NA,NA,NA,NA,NA,NA,NA,NA,NA,NA,NA,NA,NA,NA,NA,NA,NA,NA,NA,NA,NA,NA
NA,1919.846801,1921.48092,1923.115039,1924.749158,1926.383277,1928.017396,1929.651515,1931.285634,1932.919753,1934.553872,1936.187991,1929.344156,1920.657287,1911.970418,1903.28355,1894.596681,1885.909812,1877.222944,1868.536075,1859.849206,1851.162338,1842.475469,1833.7886,1823.151515,1812.40404,1801.656566,1790.909091,1780.161616,1763.777778,1746.454545,1729.131313,1711.808081,NA,NA,NA,NA,NA,NA,NA,NA,NA,NA,NA,NA,NA,NA,NA,NA,NA,NA,NA,NA,NA,NA,NA,NA,NA,NA,NA,NA,NA,NA,NA,NA,NA,NA,NA,NA,NA,NA,NA,NA,NA,NA,NA,NA,NA,NA,NA,NA,NA,NA,NA,NA,NA,NA,NA,NA,NA,NA,NA,NA,NA,NA,NA,NA,NA,NA,NA,NA
NA,1920.69697,1922.331089,1923.965208,1925.599327,1927.233446,1928.867565,1930.501684,1932.135802,1933.769921,1935.40404,1933.352092,1924.665224,1915.978355,1907.291486,1898.604618,1889.917749,1881.23088,1872.544012,1863.857143,1855.170274,1846.483405,1837.575758,1826.828283,1816.080808,1805.333333,1794.585859,1781.959596,1764.636364,1747.313131,1729.989899,NA,NA,NA,NA,NA,NA,NA,NA,NA,NA,NA,NA,NA,NA,NA,NA,NA,NA,NA,NA,NA,NA,NA,NA,NA,NA,NA,NA,NA,NA,NA,NA,NA,NA,NA,NA,NA,NA,NA,NA,NA,NA,NA,NA,NA,NA,NA,NA,NA,NA,NA,NA,NA,NA,NA,NA,NA,NA,NA,NA,NA,NA,NA,NA,NA,NA,NA,NA,NA,NA
NA,1921.547138,1923.181257,1924.815376,1926.449495,1928.083614,1929.717733,1931.351852,1932.985971,1934.62009,1936.254209,1928.67316,1919.986291,1911.299423,1902.612554,1893.925685,1885.238817,1876.551948,1867.865079,1859.178211,1850.491342,1841.252525,1830.505051,1819.757576,1809.010101,1798.262626,1782.818182,1765.494949,1748.171717,1730.848485,NA,NA,NA,NA,NA,NA,NA,NA,NA,NA,NA,NA,NA,NA,NA,NA,NA,NA,NA,NA,NA,NA,NA,NA,NA,NA,NA,NA,NA,NA,NA,NA,NA,NA,NA,NA,NA,NA,NA,NA,NA,NA,NA,NA,NA,NA,NA,NA,NA,NA,NA,NA,NA,NA,NA,NA,NA,NA,NA,NA,NA,NA,NA,NA,NA,NA,NA,NA,NA,NA,NA
NA,1922.397306,1924.031425,1925.665544,1927.299663,1928.933782,1930.567901,1932.20202,1933.836139,1935.470258,1932.681097,1923.994228,1915.307359,1906.620491,1897.933622,1889.246753,1880.559885,1871.873016,1863.186147,1854.499278,1844.929293,1834.181818,1823.434343,1812.686869,1801,1783.676768,1766.353535,1749.030303,NA,NA,NA,NA,NA,NA,NA,NA,NA,NA,NA,NA,NA,NA,NA,NA,NA,NA,NA,NA,NA,NA,NA,NA,NA,NA,NA,NA,NA,NA,NA,NA,NA,NA,NA,NA,NA,NA,NA,NA,NA,NA,NA,NA,NA,NA,NA,NA,NA,NA,NA,NA,NA,NA,NA,NA,NA,NA,NA,NA,NA,NA,NA,NA,NA,NA,NA,NA,NA,NA,NA,NA,NA
NA,1923.247475,1924.881594,1926.515713,1928.149832,1929.783951,1931.41807,1933.052189,1934.686308,1936.320426,1928.002165,1919.315296,1910.628427,1901.941558,1893.25469,1884.567821,1875.880952,1867.194084,1858.507215,1848.606061,1837.858586,1827.111111,1816.363636,1801.858586,1784.535354,1767.212121,1749.888889,NA,NA,NA,NA,NA,NA,NA,NA,NA,NA,NA,NA,NA,NA,NA,NA,NA,NA,NA,NA,NA,NA,NA,NA,NA,NA,NA,NA,NA,NA,NA,NA,NA,NA,NA,NA,NA,NA,NA,NA,NA,NA,NA,NA,NA,NA,NA,NA,NA,NA,NA,NA,NA,NA,NA,NA,NA,NA,NA,NA,NA,NA,NA,NA,NA,NA,NA,NA,NA,NA,NA,NA,NA,NA
NA,1924.097643,1925.731762,1927.365881,1929,1930.634119,1932.268238,1933.902357,1935.536476,1932.010101,1923.323232,1914.636364,1905.949495,1897.262626,1888.575758,1879.888889,1871.20202,1862.515152,1852.282828,1841.535354,1830.787879,1820.040404,1802.717172,1785.393939,1768.070707,NA,NA,NA,NA,NA,NA,NA,NA,NA,NA,NA,NA,NA,NA,NA,NA,NA,NA,NA,NA,NA,NA,NA,NA,NA,NA,NA,NA,NA,NA,NA,NA,NA,NA,NA,NA,NA,NA,NA,NA,NA,NA,NA,NA,NA,NA,NA,NA,NA,NA,NA,NA,NA,NA,NA,NA,NA,NA,NA,NA,NA,NA,NA,NA,NA,NA,NA,NA,NA,NA,NA,NA,NA,NA,NA,NA
NA,1924.947811,1926.58193,1928.216049,1929.850168,1931.484287,1933.118406,1934.752525,1936.018038,1927.331169,1918.6443,1909.957431,1901.270563,1892.583694,1883.896825,1875.209957,1866.523088,1855.959596,1845.212121,1834.464646,1820.89899,1803.575758,1786.252525,NA,NA,NA,NA,NA,NA,NA,NA,NA,NA,NA,NA,NA,NA,NA,NA,NA,NA,NA,NA,NA,NA,NA,NA,NA,NA,NA,NA,NA,NA,NA,NA,NA,NA,NA,NA,NA,NA,NA,NA,NA,NA,NA,NA,NA,NA,NA,NA,NA,NA,NA,NA,NA,NA,NA,NA,NA,NA,NA,NA,NA,NA,NA,NA,NA,NA,NA,NA,NA,NA,NA,NA,NA,NA,NA,NA,NA,NA
NA,1925.79798,1927.432099,1929.066218,1930.700337,1932.334456,1933.968575,1935.602694,1931.339105,1922.652237,1913.965368,1905.278499,1896.591631,1887.904762,1879.217893,1870.383838,1859.636364,1848.888889,1838.141414,1821.757576,1804.434343,1787.111111,NA,NA,NA,NA,NA,NA,NA,NA,NA,NA,NA,NA,NA,NA,NA,NA,NA,NA,NA,NA,NA,NA,NA,NA,NA,NA,NA,NA,NA,NA,NA,NA,NA,NA,NA,NA,NA,NA,NA,NA,NA,NA,NA,NA,NA,NA,NA,NA,NA,NA,NA,NA,NA,NA,NA,NA,NA,NA,NA,NA,NA,NA,NA,NA,NA,NA,NA,NA,NA,NA,NA,NA,NA,NA,NA,NA,NA,NA,NA
NA,1926.648148,1928.282267,1929.916386,1931.550505,1933.184624,1934.818743,1935.347042,1926.660173,1917.973304,1909.286436,1900.599567,1891.912698,1883.22583,1874.060606,1863.313131,1852.565657,1839.939394,1822.616162,1805.292929,NA,NA,NA,NA,NA,NA,NA,NA,NA,NA,NA,NA,NA,NA,NA,NA,NA,NA,NA,NA,NA,NA,NA,NA,NA,NA,NA,NA,NA,NA,NA,NA,NA,NA,NA,NA,NA,NA,NA,NA,NA,NA,NA,NA,NA,NA,NA,NA,NA,NA,NA,NA,NA,NA,NA,NA,NA,NA,NA,NA,NA,NA,NA,NA,NA,NA,NA,NA,NA,NA,NA,NA,NA,NA,NA,NA,NA,NA,NA,NA,NA
NA,1927.498316,1929.132435,1930.766554,1932.400673,1934.034792,1935.668911,1930.66811,1921.981241,1913.294372,1904.607504,1895.920635,1887.233766,1877.737374,1866.989899,1856.242424,1840.79798,1823.474747,NA,NA,NA,NA,NA,NA,NA,NA,NA,NA,NA,NA,NA,NA,NA,NA,NA,NA,NA,NA,NA,NA,NA,NA,NA,NA,NA,NA,NA,NA,NA,NA,NA,NA,NA,NA,NA,NA,NA,NA,NA,NA,NA,NA,NA,NA,NA,NA,NA,NA,NA,NA,NA,NA,NA,NA,NA,NA,NA,NA,NA,NA,NA,NA,NA,NA,NA,NA,NA,NA,NA,NA,NA,NA,NA,NA,NA,NA,NA,NA,NA,NA,NA
NA,1928.348485,1929.982604,1931.616723,1933.250842,1934.884961,1934.676046,1925.989177,1917.302309,1908.61544,1899.928571,1891.241703,1881.414141,1870.666667,1858.979798,1841.656566,1824.333333,NA,NA,NA,NA,NA,NA,NA,NA,NA,NA,NA,NA,NA,NA,NA,NA,NA,NA,NA,NA,NA,NA,NA,NA,NA,NA,NA,NA,NA,NA,NA,NA,NA,NA,NA,NA,NA,NA,NA,NA,NA,NA,NA,NA,NA,NA,NA,NA,NA,NA,NA,NA,NA,NA,NA,NA,NA,NA,NA,NA,NA,NA,NA,NA,NA,NA,NA,NA,NA,NA,NA,NA,NA,NA,NA,NA,NA,NA,NA,NA,NA,NA,NA,NA
NA,1929.198653,1930.832772,1932.466891,1934.10101,1935.735129,1929.997114,1921.310245,1912.623377,1903.936508,1895.249639,1885.090909,1874.343434,1859.838384,1842.515152,NA,NA,NA,NA,NA,NA,NA,NA,NA,NA,NA,NA,NA,NA,NA,NA,NA,NA,NA,NA,NA,NA,NA,NA,NA,NA,NA,NA,NA,NA,NA,NA,NA,NA,NA,NA,NA,NA,NA,NA,NA,NA,NA,NA,NA,NA,NA,NA,NA,NA,NA,NA,NA,NA,NA,NA,NA,NA,NA,NA,NA,NA,NA,NA,NA,NA,NA,NA,NA,NA,NA,NA,NA,NA,NA,NA,NA,NA,NA,NA,NA,NA,NA,NA,NA,NA
NA,1930.048822,1931.682941,1933.317059,1934.951178,1934.005051,1925.318182,1916.631313,1907.944444,1899.257576,1888.767677,1878.020202,1860.69697,NA,NA,NA,NA,NA,NA,NA,NA,NA,NA,NA,NA,NA,NA,NA,NA,NA,NA,NA,NA,NA,NA,NA,NA,NA,NA,NA,NA,NA,NA,NA,NA,NA,NA,NA,NA,NA,NA,NA,NA,NA,NA,NA,NA,NA,NA,NA,NA,NA,NA,NA,NA,NA,NA,NA,NA,NA,NA,NA,NA,NA,NA,NA,NA,NA,NA,NA,NA,NA,NA,NA,NA,NA,NA,NA,NA,NA,NA,NA,NA,NA,NA,NA,NA,NA,NA,NA,NA
NA,1930.89899,1932.533109,1934.167228,1935.801347,1929.326118,1920.63925,1911.952381,1903.191919,1892.444444,1878.878788,NA,NA,NA,NA,NA,NA,NA,NA,NA,NA,NA,NA,NA,NA,NA,NA,NA,NA,NA,NA,NA,NA,NA,NA,NA,NA,NA,NA,NA,NA,NA,NA,NA,NA,NA,NA,NA,NA,NA,NA,NA,NA,NA,NA,NA,NA,NA,NA,NA,NA,NA,NA,NA,NA,NA,NA,NA,NA,NA,NA,NA,NA,NA,NA,NA,NA,NA,NA,NA,NA,NA,NA,NA,NA,NA,NA,NA,NA,NA,NA,NA,NA,NA,NA,NA,NA,NA,NA,NA,NA
NA,1931.749158,1933.383277,1935.017396,1933.334055,1924.647186,1915.960317,1906.868687,1896.121212,1879.737374,NA,NA,NA,NA,NA,NA,NA,NA,NA,NA,NA,NA,NA,NA,NA,NA,NA,NA,NA,NA,NA,NA,NA,NA,NA,NA,NA,NA,NA,NA,NA,NA,NA,NA,NA,NA,NA,NA,NA,NA,NA,NA,NA,NA,NA,NA,NA,NA,NA,NA,NA,NA,NA,NA,NA,NA,NA,NA,NA,NA,NA,NA,NA,NA,NA,NA,NA,NA,NA,NA,NA,NA,NA,NA,NA,NA,NA,NA,NA,NA,NA,NA,NA,NA,NA,NA,NA,NA,NA,NA,NA
NA,1932.599327,1934.233446,1935.867565,1928.655123,1919.968254,1910.545455,1897.919192,NA,NA,NA,NA,NA,NA,NA,NA,NA,NA,NA,NA,NA,NA,NA,NA,NA,NA,NA,NA,NA,NA,NA,NA,NA,NA,NA,NA,NA,NA,NA,NA,NA,NA,NA,NA,NA,NA,NA,NA,NA,NA,NA,NA,NA,NA,NA,NA,NA,NA,NA,NA,NA,NA,NA,NA,NA,NA,NA,NA,NA,NA,NA,NA,NA,NA,NA,NA,NA,NA,NA,NA,NA,NA,NA,NA,NA,NA,NA,NA,NA,NA,NA,NA,NA,NA,NA,NA,NA,NA,NA,NA,NA
NA,1933.449495,1935.083614,1932.663059,1923.97619,1914.222222,1898.777778,NA,NA,NA,NA,NA,NA,NA,NA,NA,NA,NA,NA,NA,NA,NA,NA,NA,NA,NA,NA,NA,NA,NA,NA,NA,NA,NA,NA,NA,NA,NA,NA,NA,NA,NA,NA,NA,NA,NA,NA,NA,NA,NA,NA,NA,NA,NA,NA,NA,NA,NA,NA,NA,NA,NA,NA,NA,NA,NA,NA,NA,NA,NA,NA,NA,NA,NA,NA,NA,NA,NA,NA,NA,NA,NA,NA,NA,NA,NA,NA,NA,NA,NA,NA,NA,NA,NA,NA,NA,NA,NA,NA,NA,NA
NA,1934.299663,1935.933782,1927.984127,1916.959596,NA,NA,NA,NA,NA,NA,NA,NA,NA,NA,NA,NA,NA,NA,NA,NA,NA,NA,NA,NA,NA,NA,NA,NA,NA,NA,NA,NA,NA,NA,NA,NA,NA,NA,NA,NA,NA,NA,NA,NA,NA,NA,NA,NA,NA,NA,NA,NA,NA,NA,NA,NA,NA,NA,NA,NA,NA,NA,NA,NA,NA,NA,NA,NA,NA,NA,NA,NA,NA,NA,NA,NA,NA,NA,NA,NA,NA,NA,NA,NA,NA,NA,NA,NA,NA,NA,NA,NA,NA,NA,NA,NA,NA,NA,NA,NA
NA,1935.149832,1931.992063,NA,NA,NA,NA,NA,NA,NA,NA,NA,NA,NA,NA,NA,NA,NA,NA,NA,NA,NA,NA,NA,NA,NA,NA,NA,NA,NA,NA,NA,NA,NA,NA,NA,NA,NA,NA,NA,NA,NA,NA,NA,NA,NA,NA,NA,NA,NA,NA,NA,NA,NA,NA,NA,NA,NA,NA,NA,NA,NA,NA,NA,NA,NA,NA,NA,NA,NA,NA,NA,NA,NA,NA,NA,NA,NA,NA,NA,NA,NA,NA,NA,NA,NA,NA,NA,NA,NA,NA,NA,NA,NA,NA,NA,NA,NA,NA,NA,NA
NA,1936,NA,NA,NA,NA,NA,NA,NA,NA,NA,NA,NA,NA,NA,NA,NA,NA,NA,NA,NA,NA,NA,NA,NA,NA,NA,NA,NA,NA,NA,NA,NA,NA,NA,NA,NA,NA,NA,NA,NA,NA,NA,NA,NA,NA,NA,NA,NA,NA,NA,NA,NA,NA,NA,NA,NA,NA,NA,NA,NA,NA,NA,NA,NA,NA,NA,NA,NA,NA,NA,NA,NA,NA,NA,NA,NA,NA,NA,NA,NA,NA,NA,NA,NA,NA,NA,NA,NA,NA,NA,NA,NA,NA,NA,NA,NA,NA,NA,NA,NA
